Query,Most Similar Sentence,Score,label
白术散,白术散,0.9999999999999998,七味白术散
不换金散,如意金黄散,0.734026493932168,《易简方》-不换金正气散
滋肠五仁丸,润肠丸,0.7753460200895493,五仁橘皮汤
蛤蚧散,文蛤散,0.894939432119484,人参蛤蚧散
清心凉膈散,余氏清心凉膈散,0.9362001774358265,余氏清心凉膈散
八珍散,九仙散,0.8277753943913206,八珍汤
益元散,益元散,1.0,六一散
地黄丸,六味地黄丸,0.936247228791422,六味地黄丸
济生肾气丸,肾气丸,0.9398773610534663,加味肾气丸
赔赈散,再造散,0.6369666950469752,升降散
温证败毒散,温毒下注证,0.904368154447456,升降散
厚朴生姜半夏甘草人参汤,厚姜半甘参汤,0.8743519683022646,厚姜半甘参汤
大补丸,十补丸,0.9342783555452256,大补阴丸
乌药散,天台乌药散,0.9218778735881866,天台乌药散
黄金散,如意金黄散,0.8249165226200917,如意金黄散
孔子大圣知枕中方,孔圣枕中丹,0.619006396216774,孔圣枕中丹
活络丹,大活络丹,0.9614681142451981,小活络丹
内补当归建中汤,内补当归建中汤,1.0,当归建中汤
内补当归汤,内补当归建中汤,0.9448440333333963,当归建中汤
内补建中汤,内补当归建中汤,0.882901974398616,当归建中汤
拈痛汤,九痛丸,0.8355169747567673,当归拈痛汤
当归芍药汤,当归芍药散,0.9642151445439533,当归芍药散
当归茯苓散,茯苓丸,0.8821954002805584,当归芍药散
归母苦参丸,当归贝母苦参丸,0.8884497743642851,当归贝母苦参丸
龙脑丸,四神丸,0.717055406157714,当归龙荟丸
抵挡丸,抵当丸,0.8112920509357551,抵当丸
抵挡汤,抵当汤,0.7788081080162111,抵当汤
妙应丸,三妙丸,0.8992546544903084,控涎丸
子龙丸,四生丸,0.8372356077597207,控涎丸
普济消毒饮子,普济消毒饮,0.96709232793643,普济消毒饮
防己桂枝汤,桂枝汤,0.876168659797952,木防己汤
柴胡桂枝干姜汤,柴胡桂枝干姜汤,1.0,柴胡桂姜汤
桂枝二麻黄一汤,桂枝麻黄各半汤,0.9356980920451727,桂二麻一汤
桂枝生姜枳实汤,桂姜枳实汤,0.9638640642292162,桂姜枳实汤
桂枝去芍药加蜀漆牡蛎龙骨救逆汤,桂枝去芍药加蜀漆牡蛎龙骨救逆汤,0.9999999999998647,桂枝救逆汤
桂枝加芍药生姜各一两人参三两新加汤,桂枝加芍药汤,0.8970837378257716,桂枝新加汤
加味四物汤,四物汤,0.8733681826215716,桃红四物汤
三物白散,三物小白散,0.951245491535563,桔梗白散
沙参麦门冬汤,沙参麦冬汤,0.9747407705528806,沙参麦冬汤
泻脾散,实脾散,0.8819649280130576,泻黄散
礞石滚痰丸,滚痰丸,0.8894489694378231,滚痰丸
复脉汤,小复脉汤,0.9412855018206049,炙甘草汤
芍药地黄汤,芍药汤,0.8963110994368982,犀角地黄汤
神仙解毒万病丸,通圣消毒散,0.8094494118806032,玉枢丹
真珠丸,珍珠母丸,0.8736364725339418,珍珠母丸
安蛔汤,理中安蛔汤,0.9354462453864363,理中安蛔汤
甘麦大枣汤,甘麦大枣汤,0.9999999999999998,甘草小麦大枣汤
肾著汤,肾气丸,0.7903569960586464,甘草干姜茯苓白术汤
甘姜苓术汤,苓桂术甘汤,0.913315158354218,甘草干姜茯苓白术汤
白术芍药散,当归芍药散,0.9132166573700573,痛泻要方
纯阳真人养脏汤,真人养脏汤,0.7950326205180324,真人养脏汤
六味地黄丸加黄柏知母方,知柏地黄丸,0.8844020588684184,知柏地黄丸
硝矾散,硝石矾石散,0.9120704860810704,硝石矾石散
神曲丸,四神丸,0.8560426926728619,磁朱丸
太乙神丹,四神丸,0.7779088817288476,紫金锭
追毒丹,丹毒,0.8499471644770721,紫金锭
紫金丹,至宝丹,0.7934959878568377,紫金锭
太乙紫金锭,紫金锭,0.8327196049203519,紫金锭
固真丹,至宝丹,0.7494663089466775,缩泉丸
八味肾气丸,加味肾气丸,0.9534919966558014,肾气丸
《金匮》肾气丸,肾气丸,0.871128836044495,肾气丸
崔氏八味丸,四妙丸,0.8515947229071554,肾气丸
芎归胶艾汤,芎归胶艾汤,1.0,胶艾汤
千金苇茎汤,千金苇茎汤,1.0,《千金》-苇茎汤
吃力伽丸,大安丸,0.8143536046391621,《广济方》，录自《外台秘要》-苏合香丸
茯苓桂枝白术甘草汤,桂枝去桂加茯苓白术汤,0.9354130178049923,苓桂术甘汤
治痰茯苓丸,茯苓丸,0.8160725292048825,茯苓丸
苓桂甘枣汤,茯苓桂枝甘草大枣汤,0.9309390639380846,茯苓桂枝甘草大枣汤
萆薢分清散,香薷散,0.7346527897887438,《杨氏家藏方》-萆薢分清饮
葛根黄芩黄连汤,葛根芩连汤,0.9349019042593336,葛根芩连汤
武侯行军散,行军散,0.826576363740353,行军散
人参败毒散,败毒散,0.8088939416625058,败毒散
芎术丸,枳术丸,0.8564253701630972,越鞠丸
四逆加猪胆汤,通脉四逆加猪胆汁汤,0.8625778810861311,通脉四逆加猪胆汁汤
四逆加猪胆汁汤,通脉四逆加猪胆汁汤,0.8963759558827471,通脉四逆加猪胆汁汤
烂喉痧方,烂喉丹痧,0.947857617013955,锡类散
己椒苈黄丸,防己椒目葶苈大黄丸,0.8572322118039479,防己椒目葶苈大黄丸
桂枝汤,桂枝汤,0.9999999999999998,阳旦汤
橘皮汤,五仁橘皮汤,0.9258482639641673,陈皮汤
橘皮竹茹汤,新制橘皮竹茹汤,0.9685482039206113,陈皮竹茹汤
浓缩丸,缩泉丸,0.8097688465100793,香连丸
八味地黄丸,六味地黄丸,0.9634905667257638,麦味地黄丸
脾约丸,健脾丸,0.8746912615652765,麻子仁丸
麻黄杏仁甘草石膏汤,麻杏石甘汤,0.8906821169264477,麻杏石甘汤
麻杏苡甘汤,麻杏石甘汤,0.9242175328947616,麻黄杏仁薏苡甘草汤
芪芍桂酒汤,黄芪芍药桂枝苦酒汤,0.9230311193420812,黄芪芍药桂枝苦酒汤
畏冷,畏寒,0.9654030324872864,畏寒
恶寒战栗,恶寒,0.8503391714964165,寒战
寒粟,寒战,0.7085429053533991,寒战
战寒,寒战,0.9519179758184334,寒战
振寒,寒战,0.8569683501194922,寒战
肢厥,四肢厥逆,0.8585532262310823,四肢厥逆
四肢厥冷,四肢冷,0.940430876245467,四肢厥逆
肢冷,四肢冷,0.9602472381605549,四肢厥逆
四肢清冷,四肢冷,0.9599818550183511,四肢厥逆
肢凉,四肢冷,0.8846514619170701,四肢厥逆
手足厥冷,四肢冷,0.8429033902339218,四肢厥逆
腹冷,腹部冷,0.9439352304506737,腹部冷
四肢不温,四肢冷,0.8992286761186926,四肢冷
背恶寒,背恶寒,1.0,背冷
背寒冷,背冷,0.9568680987740182,背冷
身微热,微热,0.9048819296822371,发热
身热,身热不甚,0.9006332073785984,发热
胸热,胸腹灼热,0.8363055049766128,发热
腹热,少腹热滞证,0.7643566575824334,发热
肌肤发热,肌肤灼热,0.9132459224049716,发热
但热不寒,自觉寒热,0.8636632668229853,发热
低热,长期低热,0.8835915036101529,微热
高热,发热,0.9114456325090082,壮热
夜晚高热,身热夜甚,0.8676786940466806,壮热
日哺潮热,潮热,0.817221410760964,午后潮热
阳明潮热,午后潮热,0.8109703928325728,午后潮热
午后发热,午后潮热,0.8836371311798213,午后潮热
午后热甚,午后潮热,0.9105440444428142,午后潮热
午后低热,午后潮热,0.8535416382673813,午后潮热
午后热盛,午后潮热,0.9052414937395242,午后潮热
手足灼热,手足心热,0.8072922954545768,手足心热
足下热,足热,0.8930186756738984,手足心热
往来寒热,寒热往来,0.973225290699288,寒热往来
不时寒热,自觉寒热,0.9171901548746928,寒热往来无定时
汗少,少汗,0.9802062168676682,少汗
汗出,汗多,0.9365230142798555,汗多
出汗,有汗,0.9475519296384256,有汗
微汗,少汗,0.917945827669487,微有汗出
少有汗出,微有汗出,0.9620304577520965,微有汗出
汗漏不止,汗出不彻,0.876664520216957,大汗淋漓
绝汗,无汗,0.9011646544508074,冷汗淋漓
出冷汗,冷汗淋漓,0.9175010100889526,冷汗淋漓
喜汗出,微有汗出,0.9131538143539761,汗多
易汗出,微有汗出,0.9212792720871966,汗多
多汗,汗多,0.9722843206843597,汗多
头汗,但头汗出,0.9137227395290906,但头汗出
手足心多汗,手足心汗出,0.9642602502327811,手足心汗出
心胸多汗,心胸汗出,0.9464688188560068,心胸汗出
心汗,心胸汗出,0.8705765165515723,心胸汗出
腋汗多,腋汗,0.9462909257766944,腋汗
汗血,血汗,0.967524747738807,血汗
汗出如血,血汗,0.887730973589096,血汗
汗出而黄,黄汗,0.905917134697041,黄汗
头痛如裹,全头痛,0.9105794213473349,头痛
头疼,头痛,0.9671316561220423,头痛
巅顶头痛,头顶痛,0.9364456244168217,头顶痛
侧头痛,后头痛,0.9517772890412187,偏头痛
前额头痛,前额痛,0.9199071214674699,前额痛
眼痛,目痛,0.9343331177066717,目痛
眼珠痛,目珠痛,0.9279040420059043,目珠痛
眼眶痛,眼睑痛,0.9564651392998151,目眶痛
睑缘痛,眼睑痛,0.8846735778052274,眼睑痛
上睑痛,眼睑痛,0.9197703574126763,眼睑痛
下睑痛,眼睑痛,0.8851631795237618,眼睑痛
耳窍痛,耳廓痛,0.9416028915954617,耳底痛
耳内痛,耳底痛,0.956043816331049,耳底痛
耳廓疼痛,耳廓痛,0.97751143849439,耳廓痛
外耳疼痛,耳廓痛,0.9464085297704999,耳廓痛
牙齿痛,牙痛,0.9694076825766629,牙痛
齿痛,牙痛,0.9388112486485493,牙痛
牙疼,牙痛,0.9747593378529701,牙痛
牙龈肿痛,牙龈痛,0.9614972323077466,牙痛
咽痛,咽喉痛,0.958223044609454,咽喉痛
面部疼痛,颌面疼痛,0.859269848223289,颌面疼痛
头项强痛,颈项强痛,0.8726699951341318,颈项强痛
颈项痛,颈项强痛,0.9754179544390452,颈项强痛
全身痛,身痛,0.9454871064115874,身痛
周身疼痛,身痛,0.9067191725093506,身痛
全身疼痛,身痛,0.9067985187210454,身痛
四肢痛,肢体痛,0.9215959195562925,肢体痛
四肢疼痛,肢体痛,0.9249796903291908,肢体痛
手臂痛,臂痛,0.9506153480933686,臂痛
关节疼痛,关节痛,0.9804522067316074,骨节痛
心前区疼痛,卒心痛,0.8319701497653309,左前胸痛
心痛,心痛,1.0,左前胸痛
心窝阵发痛,卒心痛,0.8660625511192492,左前胸痛
乳痛,乳房疼痛,0.9150674956012549,乳房疼痛
肋骨痛,肋痛,0.9244590459711236,肋痛
胁下隐痛,胁下胀满,0.8929305306568369,胁痛
胁下疼痛,胁痛,0.8785452969316848,胁痛
胁肋疼痛,胁肋痛,0.9834264862456628,胁痛
胀下刺痛,胀痛,0.9002706770394687,胁痛
两胁胀痛,胁痛,0.9313033698043053,胁痛
肝区疼痛,肝胀,0.7987621841538214,胁痛
右季肋痛,肋痛,0.9317632585659568,胁痛
胁下胀痛,胁下胀满,0.9477765263221203,胁痛
肝区痛,肝胀,0.8361260847837665,胁痛
两胁胀疼,胁痛,0.9076184802341196,胁痛
腹部攻撑作疼,下腹胀痛,0.873289209385404,腹痛
胃脘痛,胃痛,0.9299182677557903,胃痛
脘腹痛,腹隐痛,0.9011447059209442,胃痛
心下痛,心痛,0.9113659491453505,胃痛
脘痛,脘痛拒按,0.9176587694822349,胃痛
胃脘疼痛,胃痛,0.9053133453390954,胃痛
脐内痛,脐痛,0.9558556183798803,脐痛
脐腹疼痛,脐腹痛,0.9849604513244297,脐腹痛
脐周痛,脐痛,0.9531518175366247,脐腹痛
少腹作痛,少腹痛,0.9675075429899536,少腹痛
茎中痛,茎中痒,0.8333333856957296,阴茎疼痛
抽痛,痉挛痛,0.814275858596826,痉挛痛
拘挛痛,痉挛痛,0.9405791303732105,痉挛痛
拘急痛,窜痛,0.8754879473227531,痉挛痛
引痛,窜痛,0.9188125744805509,牵涉痛
彻痛,窜痛,0.9123646369790235,牵涉痛
牵掣痛,牵涉痛,0.8938283967275713,牵涉痛
刀割痛,刀割样疼痛,0.9436061223670652,刀割样疼痛
阵发性疼痛,阵发痛,0.9504176081789303,阵发痛
疼痛游走不定,游走痛,0.8837656032363977,痛无定处
疼痛喜揉按,疼痛喜按,0.9427854843185414,疼痛喜按
饥饿痛甚,饥饿疼痛,0.975136105785772,饥饿疼痛
饥饿时疼痛明显,饥饿疼痛,0.8881693059489988,饥饿疼痛
食后痛减,得食痛减,0.946027499619937,得食痛减
食后疼痛,得食痛增,0.8384154430571427,得食痛增
食后痛甚,得食痛增,0.8870916688620556,得食痛增
拒按,久瘖,0.6361660991837362,疼痛拒按
腹部疼痛拒按,下腹胀痛,0.8923054846410386,疼痛拒按
腹痛拒按,腹硬拒按,0.917138841100888,疼痛拒按
口渴,口不渴,0.9281639039609323,口渴引饮
欲饮,溢饮,0.8923814829230514,口渴引饮
口渴欲饮,口渴引饮,0.9682070215673314,口渴引饮
口渴喜饮,口渴引饮,0.9663019683315383,口渴引饮
渴而饮引,渴不欲饮,0.9298432374827115,口渴引饮
口渴多饮,口渴引饮,0.9688214816970759,口渴引饮
口渴不喜饮,口渴引饮,0.9558429117261495,渴不欲饮
口微渴,口不渴,0.9380482258054234,渴不多饮
渴而少饮,渴不多饮,0.9643944647487739,渴不多饮
渴不欲多饮,渴不欲饮,0.9803983725002898,渴不多饮
渴喜饮热,渴喜热饮,0.9930030117515274,渴喜热饮
喜热饮,渴喜热饮,0.8546867589484498,渴喜热饮
渴喜温饮,渴喜热饮,0.9599872451139009,渴喜热饮
渴喜饮冷,渴喜冷饮,0.9806497252250788,渴喜冷饮
饮入欲呕,饮入呕逆,0.9392581414308429,饮入呕逆
饮入即吐,饮入呕逆,0.8671670467360733,饮入呕逆
饮水即吐,水入即吐,0.9171354218930238,饮入呕逆
不渴饮,渴不多饮,0.9607434102359599,口不渴
不渴,大渴,0.9127184500126279,口不渴
不欲饮,溢饮,0.8507544845770646,口不渴
不思饮水,渴不欲饮,0.8318396613079901,口不渴
口燥,口干,0.9136606532834411,口干
不思饮食,久不欲食,0.8725360736413444,厌食
不欲食,久不欲食,0.9636944480147689,厌食
默默不欲饮食,久不欲食,0.7677246687618587,厌食
饮食不振,久不欲食,0.8975512045673087,厌食
食少,厌食,0.848418555422793,厌食
食欲不佳,久不欲食,0.8969263675825152,厌食
食减,食积,0.890585962051896,厌食
食欲不振,久不欲食,0.8953803405327629,厌食
不欲饮食,久不欲食,0.9300780442149963,厌食
纳差,纳呆,0.6268720226083385,纳呆
胃呆,胃缓,0.7926462213754194,纳呆
胃纳呆钝,胃饮,0.7028889405887511,纳呆
纳减,消瘦,0.6338526284762644,纳呆
纳食锐减,食后困顿,0.7827309822069227,纳呆
纳少,尿少,0.6864297714117171,纳呆
纳谷不香,纳谷不馨,0.8741100251814794,纳呆
食后腹胀,食入腹胀,0.9676878264363046,食入腹胀
食后脘胀,食入腹胀,0.9329759619036953,食入胸腺满闷
食后胃胀,食入腹胀,0.9461450424668499,食入胸腺满闷
食后困倦嗜睡,饭后欲睡,0.8031793877784019,食后困顿
口淡乏味,口淡,0.822984187127512,口淡
口淡无味,口淡,0.8585505131833456,口淡
食后泛呕,见食泛呕,0.9575528232790137,食后呕吐
进食则呕,见食泛呕,0.9442165769197493,食后呕吐
食入即吐,食后呕吐,0.8856361197688063,食后呕吐
哕,荜葧,0.8879235243928223,干呕
吐,暴吐,0.876121185980775,呕而无声
善食易饥,多食易饥,0.9550567226117871,消谷善饥
消谷喜饥,消谷善饥,0.9722127008218917,消谷善饥
多食易饥,多食易饥,1.0,消谷善饥
多食善饥,多食易饥,0.9809622975655243,消谷善饥
能食善饥,多食易饥,0.9350063290583565,消谷善饥
好食易饥,多食易饥,0.9612055032442894,消谷善饥
厌油,厌食油腻,0.7654889202183905,厌食油腻
厌油腻,厌食油腻,0.890297625886277,厌食油腻
恶油,油风,0.7653616933027598,厌食油腻
口气臭,口气腥臭,0.9385618246779637,口臭
口中恶味,恶闻食臭,0.8600465528869823,口臭
呕恶,呕吐,0.9109030670927627,恶心
欲吐,暴吐,0.8955883576331196,恶心
欲呕,呕吐,0.9032580957807301,恶心
呕逆,呕吐,0.901885979200176,呕吐
泛恶,时时泛恶,0.8335001789314506,时时泛恶
昏迷,卒然昏倒,0.8390353040668201,神昏
意识模糊,精神恍惚,0.8077542932339932,神昏
神识昏蒙,神昏,0.8392731907900897,神昏
昏聩不语,神昏,0.7240322907558479,神昏
神识昏愦,神昏,0.8518908939107523,神昏
神识昏糊,神昏,0.8615253220498534,神昏
神志昏迷,神昏,0.8711090807920502,神昏
少神,神昏,0.6930895338175056,神疲
神困,神疲,0.9232613489334167,神疲
神倦,神疲,0.9524701775870684,神疲
神疲体软,神疲,0.8785244650502305,神疲
精神萎靡,神疲,0.8762658674689812,神疲
精神不振,精神恍惚,0.835138252829135,神疲
精神倦怠,神疲,0.8935359937092715,神疲
精神萎顿,神疲,0.8289773745502688,神疲
两目少神,目光呆滞,0.8179660953604103,神疲
倦怠,疲乏,0.9293921610976736,身体困倦
神疲懒言,神疲,0.8801441489771561,神疲
神疲昏睡,神昏,0.9162253644911574,神疲
精神不佳,精神恍惚,0.8173189292177275,神疲
喜忘,健忘,0.6551793236668808,健忘
善忘,健忘,0.8614328650990919,健忘
易忘,健忘,0.8377359202562985,健忘
烦躁,烦躁,1.0,心烦
躁烦,烦躁,0.9609029041709132,心烦
微烦,心烦,0.8331383811219987,心烦
烦躁不宁,烦躁,0.933604688294985,心烦
烦闷,烦躁,0.8407504108877458,心烦
烦躁不安,烦躁,0.9374626793655866,心烦
胸中懊恼,心中懊恼,0.9054740277958162,心烦
焦虑不安,焦虑,0.9156072381362648,焦虑
喜叹息,喜叹气,0.8928780519006103,喜叹气
喜太息,喜伏卧,0.6555205970976574,喜叹气
善太息,气息弱,0.5962130600491637,喜叹气
喜悲伤欲哭,善忧好哭,0.8320784642012955,善悲
多疑虑,多疑,0.8403674251018076,多疑
多疑多虑,多疑,0.8888740639326957,多疑
善疑,多疑,0.7735319718601741,多疑
善惊,易惊,0.9041999985670645,易惊
喜惊,易惊,0.7009618353524434,易惊
惊惕,惊悸,0.8463409124766712,易惊
狂燥妄动,狂躁,0.7169594172419318,狂躁
武痴,痴呆,0.6842323033179041,狂躁
发疯,发癫,0.8375060584215932,狂躁
狂躁不宁,狂躁,0.9043777485946435,狂躁
狂躁不安,狂躁,0.9177017447254882,狂躁
发狂,狂病,0.8763517430901601,狂躁
狂躁妄言,言语狂妄,0.8985772485091112,言语狂妄
语言狂妄不避亲疏,言语狂妄,0.8513260509191494,言语狂妄
怒骂无常,哭笑无常,0.7101052034887528,言语狂妄
言语骂詈不避亲疏,骂詈不避亲疏,0.9043535703029337,骂詈不避亲疏
文痴,痴呆,0.7179129612732051,发癫
胡言乱语,言语错乱,0.831302640870732,言语错乱
语言错乱,言语错乱,0.9760018797194413,言语错乱
错语,错语,0.9999999999999999,言语错乱
语言颠倒,言语错乱,0.8634227226823102,言语错乱
语无伦次,言语错乱,0.8323000168246131,言语错乱
羊撷风,恶风,0.7651919105506054,痫
羊痫风,痫病,0.7646084791234846,痫
神舍失守,神舍不安,0.7152082126739147,神舍不安
神舍难安,神舍不安,0.9556259173599172,神舍不安
神乱不安,神舍不安,0.9000841029165447,神舍不安
神恍易惊,睡中易惊,0.883112915290416,神舍不安
神不守舍,神舍不安,0.8456317337744359,神舍不安
善喜,善悲,0.743718382902454,嬉笑无常
喜笑不休,嬉笑无常,0.8140646000167723,嬉笑无常
小儿夜啼,夜啼,0.9124430880418276,夜啼
晕厥,晕厥,1.0,卒然昏倒
神情恍惚,精神恍惚,0.9371779947347824,精神恍惚
神志恍惚,精神恍惚,0.9464549210584233,精神恍惚
神识不清,精神恍惚,0.7870233114792465,精神恍惚
神志不清,精神恍惚,0.8496774216410162,精神恍惚
神情呆顿,神情呆钝,0.902930458115501,神情呆钝
神情困顿,神情呆滞,0.8440248096360201,神情呆钝
急躁易怒,易怒,0.8906382366103794,易怒
急躁,狂躁,0.8628820087573849,性急
忧郁,抑郁,0.9042620798151494,抑郁
情志抑郁,忧郁伤神证,0.8137262644841796,抑郁
不寐,夜寐不安,0.9242023073159997,失眠
少寐,失眠,0.9235778859960084,失眠
不眠,失眠,0.9331662039281429,失眠
眠差,失眠,0.9093930807180183,失眠
睡眠不佳,睡眠不实,0.9578569059013916,失眠
寐不安,夜寐不安,0.9535152711892423,失眠
寐差,失眠,0.8912836398203857,失眠
不易入睡,入睡难,0.9505458518672608,入睡难
无睡意,入睡难,0.8927499318700666,入睡难
不能眠,夜寐不安,0.9101964223549011,入睡难
睡眠不深,睡眠不实,0.9638985833887441,睡眠表浅
睡眠不安,睡眠不实,0.9493738571698276,夜寐不安
夜寐欠安,夜寐不安,0.9668050513052463,夜寐不安
易醒,早醒,0.9274910346254147,睡中易醒
睡后易醒,睡中易醒,0.9738866590699266,睡中易醒
多梦,梦多,0.9612693253453498,梦多
呓语,喃喃独语,0.8131035308779342,梦呓
多寐,多寐病,0.9477478456261934,嗜睡
多眠,失眠,0.924261764681583,嗜睡
多睡眠,睡眠不实,0.9039401857832798,嗜睡
嗜卧,嗜睡,0.918370864993102,嗜睡
但欲寐,夜寐不安,0.8686506807520551,嗜睡
喜俯卧,喜仰卧,0.9672519322419664,喜伏卧
睡中啮齿,梦中啮齿,0.8802511425641973,梦中啮齿
梦中流涎,睡中流涎,0.9044436604701778,睡中流涎
周身无力,全身无力,0.9625696260246758,全身无力
无力,全身无力,0.8419847261057126,全身无力
乏力,疲乏,0.8779679424962116,全身无力
疲乏无力,疲乏,0.9287768031058551,全身无力
全身乏力,全身无力,0.9262444818726429,全身无力
疲倦,疲乏,0.9674648764185205,疲乏
困乏,疲乏,0.9311325690831223,疲乏
疲劳,疲乏,0.8847016477448726,疲乏
身困,困倦,0.8849869502723625,身体困倦
身倦,身体困倦,0.9123862140057672,身体困倦
困倦,困倦,1.0,身体困倦
体倦,身体困倦,0.9168385839886132,身体困倦
身体酸楚,周身酸楚,0.9278000106157007,周身酸楚
遍体酸楚,周身酸楚,0.8690107966433709,周身酸楚
身重,周身沉重,0.7720303162711806,周身沉重
身体沉重,周身沉重,0.9654578769845293,周身沉重
肢体沉重,四肢沉重,0.9451096599123404,周身沉重
体重,肥胖,0.817360915701663,周身沉重
身困重,身体困倦,0.8678687273861846,周身沉重
患侧半身胀,患病半身发胀,0.8842358105947757,患病半身发胀
筋惕肉跳,拘急肉跳,0.7804865170563646,拘急肉跳
筋惕肉瞤,筋瘿,0.8582844301016936,拘急肉跳
身瞤动,全身抽动,0.7592529130573061,拘急肉跳
皮肤瘙痒,皮疹瘙痒,0.9639404972948457,瘙痒
肤痒,瘙痒,0.9206238420952109,瘙痒
周身瘙痒,瘙痒,0.9218888130835194,瘙痒
周身刺痒,瘙痒,0.8622450179421187,瘙痒
全身瘙痒,瘙痒,0.9248747522857061,瘙痒
肌肤瘙痒,皮疹瘙痒,0.9458942474292117,瘙痒
身痒,瘙痒,0.8693162136879571,瘙痒
头晕目眩,眩晕,0.9058154794550141,头晕
头昏,头晕,0.9334624738501086,头晕
目眩,耳眩晕,0.8524976347835619,眼花
头眩,眩晕,0.9224671069351962,头晕
头沉,头重,0.8167451792126026,头重
头重如裹,头重,0.8103793407727712,头重
脑胀,头胀,0.8513652321687655,头胀
脑鸣,脑鸣,1.0,头中鸣响
头响,头中鸣响,0.8417354461882419,头中鸣响
头脑鸣响,脑鸣,0.9108117746690955,头中鸣响
项背强,项背拘急,0.7694343928151433,项背拘急
短气,气短,0.960594223698116,气短
少气,气短,0.8475133677818526,气短
息短,气息弱,0.6779597515551098,气短
心跳,心悸,0.8291117012204117,心悸
心慌,心悸,0.9513443027553252,心悸
心动悸,心悸,0.9548067716115296,心悸
颈项强直,颈项强痛,0.9236731131053426,项强
胸痞,胸部胀闷,0.8247078561564856,胸部胀闷
胸脘痞闷,脘痞,0.8939103576641206,胸部胀闷
胸闷,胸痛,0.9160169181524663,胸部胀闷
胸满,桶状胸,0.8360475578201091,胸部胀闷
胸膈痞闷,脘痞,0.8593311395476082,胸部胀闷
胸胀,胸部胀闷,0.9368923396319164,胸部胀闷
胸胁满闷,胸部胀闷,0.9305157284231708,胸部胀闷
胸部胀满,胸部胀闷,0.9268612434947409,胸部胀闷
胸胁苦满,胸部胀闷,0.8798947552418045,胸部胀闷
乳房胀,乳房发胀,0.9734917631650629,乳房发胀
乳胀,乳房发胀,0.8951453768058454,乳房发胀
心中懊憹,心中懊恼,0.8786183758982063,心中懊恼
懊恼,心中懊恼,0.9109843473700878,心中懊恼
脘胀,胃胀,0.9101866847349651,胃胀
胃满,胃胀,0.9058662135748939,胃胀
脘腹胀满,大腹胀,0.9077032318639491,胃胀
胃脘胀满,胃脘拘急,0.9225241123721137,胃胀
脘腹胀闷,胃脘拘急,0.8911102360015056,胃胀
心下痞,心下悸,0.7313308385350228,胃痞
脘痞,脘痞,1.0,胃痞
脘闷,胃脘拘急,0.9000043554924482,胃痞
胃脘痞塞,胃痞,0.914305784078014,胃痞
脘腹闷胀,胃脘拘急,0.8914795183303539,胃痞
脘腹痞闷,脘痞,0.9059612002807643,胃痞
胃脘胀闷,胃脘拘急,0.9316312104361871,胃痞
脘滞,脘痞,0.9245705188486512,胃痞
胃脘痞闷,胃脘拘急,0.9090812108141647,胃痞
心嘈,心烦,0.8421358976879778,嘈杂
嘈心,心忡,0.8449670155730963,嘈杂
胁下胀闷,胁下胀满,0.9366642612731619,胁下胀满
胁下胀满拒按,胁下胀满,0.9428935588299969,胁下胀满
胁肋胀痛,胁肋痛,0.9756421930734076,胁下胀满
胁胀,胁痛,0.89766549162554,胁下胀满
肝区不适,肝胀,0.7765641075284523,胁下胀满
两胁胀满,胁下胀满,0.93719920729082,胁下胀满
右胁胀闷,胁下胀满,0.8953294085276499,胁下胀满
胁肋胀满,肋间胀满,0.9271180570417882,胁下胀满
腹部柔软喜按,腹部喜按,0.8884239396575018,腹部喜按
腹部僵硬拒按,腹硬拒按,0.918087795082197,腹部拒按
腰部如束带,腰部如绳束,0.9632685787819762,腰部如绳束
腰部紧束不适,腰部僵硬,0.903389204519533,腰部如绳束
腹胀如鼓,大腹胀,0.9151143502621436,腹大如鼓
腹微胀满,大腹胀,0.9494240776607267,腹胀
腹满,腹大,0.9312511682111193,腹胀
肠闷,肠痨,0.8520039113085384,腹胀
少腹满,少腹坚满,0.9507600881191877,少腹胀
小腹重坠,腹部重坠,0.9521145547402421,腹部重坠
腰软,腰酸,0.9585852138131485,腰酸
腰重,腰痛,0.9312951988206194,腰部沉重
双下肢浮肿,下肢浮肿,0.9795594592450931,下肢浮肿
腿肿,腿酸,0.848030165430076,下肢浮肿
肢软,四肢软弱,0.8826947164064046,四肢软弱
肢体瘫软,软瘫,0.8797416475397003,四肢软弱
肢倦,四肢倦怠,0.9212975202857964,四肢倦怠
下肢乏力,四肢无力,0.9316980400178739,四肢无力
四肢乏力,四肢无力,0.9546770796319433,四肢无力
肢疲,四肢倦怠,0.8968330811329779,四肢无力
肢节酸痛,肢体痛,0.8977636968479833,四肢/上肢/下肢肌肉酸胀
下肢酸胀,下肢肿胀,0.8623519771453007,四肢/上肢/下肢肌肉酸胀
视物模糊,视物不清,0.9451735734845095,眼花
目羞明,目失光华,0.8490602958079873,羞明
耳鸣轰轰,耳鸣如雷,0.925207099554723,耳鸣如雷
耳鸣隆隆,耳鸣如雷,0.9182098267151367,耳鸣如雷
耳背,耳痛,0.8442815680388215,耳闭
失听,耳聋,0.8610870034967538,耳聋
耳暴聋,耳聋,0.9566722884578367,耳聋
耳胀,耳胀,1.0,耳内胀闷
失嗅,嗅觉减退,0.8436752973664717,鼻不闻香臭
鼻聋,耳聋,0.8693435889088218,鼻不闻香臭
鼻窒,鼻窒,1.0,鼻塞
鼻干,鼻内干燥,0.9082947780014936,鼻内干燥
标喑,藁本,0.7520378987725078,失音
音哑,失音,0.8760280708769888,声音嘶哑
喉中梗阻感,咽部堵塞感,0.8650221504972585,咽部堵塞感
梅核气,梅核气,1.0,咽中如有梅核
齘齿,啮齿,0.8711894838280566,啮齿
啮齿有声,啮齿,0.8410648064522276,啮齿
咽燥,咽干,0.963115197914899,咽干
吞咽苦难,吞咽困难,0.9043248561115386,吞咽困难
口唇麻木,口唇发麻,0.9353582631896986,口唇发麻
唇麻,口唇发麻,0.8873898303170263,口唇发麻
唇木,唇裂,0.7984013737603814,口唇发麻
舌淡,舌淡白,0.9620528270793697,舌淡红
舌嫩红,舌嫩,0.9500842207467943,舌红
舌边红,舌红,0.8936542477021026,舌红
舌微红,舌红,0.9537558356046542,舌红
舌前红,舌红,0.9237304867949881,舌红
舌边尖红,舌有红星,0.8616206630166523,舌红
舌尖红,舌红,0.9211295443382564,舌红
舌红绛,舌绛,0.9469446176707045,舌绛
舌暗红,舌红,0.9424897399324047,舌绛
舌淡紫,舌淡红,0.953646158624338,舌紫
舌边紫,舌紫,0.9318168165448728,舌紫
舌暗紫,舌紫,0.9592802687781823,舌紫
舌紫暗,舌紫,0.9612372213912421,舌紫
舌暗,舌光,0.9177223261237044,舌紫
舌淡暗,舌淡白,0.950764788376479,舌紫
舌淡黯,舌淡白,0.9515769547874973,舌紫
舌质瘀红暗滞,舌有瘀点,0.834573534098101,舌紫
舌有瘀斑,舌有瘀点,0.9352546980548015,舌有紫斑
舌生瘀斑,舌有瘀点,0.9106260393208465,舌有紫斑
舌边有紫斑,舌有紫斑,0.9725352500408754,舌有紫斑
舌边瘀紫,舌有瘀点,0.8911265962190946,舌有紫斑
舌尖有瘀点,舌有瘀点,0.9643619445364604,舌有瘀点
舌淡胖,舌淡白,0.9279520266503587,舌胖
舌胖大,舌胖,0.9557813105840839,舌胖
舌瘦薄,舌瘦,0.9403568691804209,舌瘦
舌体瘦,舌瘦,0.9526702181332715,舌瘦
肿胀舌,舌肿胀,0.9597910936113639,舌肿胀
舌肿,舌肿胀,0.9398508231748084,舌肿胀
舌颤,舌颤动,0.9433387476386893,舌颤动
颤动舌,舌颤动,0.9573024318758018,舌颤动
舌麻痹,舌麻,0.8879152399270598,舌麻
舌麻木,舌麻,0.9349432975482312,舌麻
舌木,木舌,0.9105532951525798,舌麻
红点舌,舌有红星,0.910165673996986,舌生疮
坐舌莲花风,莲花舌,0.8504347886340473,舌生疮
舌边尖有齿痕,舌有齿痕,0.9496661115644364,舌有齿痕
舌边齿痕,舌有齿痕,0.9554091995095899,舌有齿痕
舌有芒刺,舌起芒刺,0.9720724845615888,舌有点刺
舌生芒刺,舌起芒刺,0.9739239031506923,舌有点刺
裂纹舌,舌有裂纹,0.9498339067785387,舌有裂纹
舌裂,舌卷,0.9120594863579778,舌有裂纹
舌萎,舌荣,0.9305315602779498,舌体痿软
舌纵,舌大,0.9006117213869236,舌纵不收
舌强,舌荣,0.9091367645973517,舌体强硬
舌歪,舌体歪斜,0.9097504555759992,舌体歪斜
舌光剥,舌光,0.9376980062113492,舌光
苔净,苔润,0.9528039600554968,舌光
镜面舌,重舌,0.8712699392319083,舌光
无苔,苔滑,0.9177186332248417,舌光
舌上出血,舌出血,0.9615105200969082,舌出血
舌底有淤络,舌有瘀点,0.8310252209732134,舌下脉络青紫
舌底脉络粗,舌下脉络迂曲,0.8825070498287191,舌下脉络青紫
舌根苔薄,苔薄,0.9108760239400726,苔薄
苔少,苔薄,0.9390647450721649,苔薄
少苔,苔滑,0.9266436010295771,苔薄
舌润,舌嫩,0.9269879293586278,苔润
苔多津,苔燥腻,0.9124397032953577,苔滑
舌少津,舌枯,0.9021290738345898,苔燥
舌燥,舌干,0.9275927889881043,苔燥
苔干,苔白干,0.9492873897013001,苔燥
苔少津,苔润,0.9018564276021112,苔燥
舌欠润,舌枯,0.8961491605571767,苔燥
舌根苔粗糙,苔糙,0.9030289835449028,苔糙
舌根苔腻,苔燥腻,0.9195965680227234,苔腻
苔微腻,苔腻,0.9648810947570932,苔腻
苔两边腻,苔黏腻,0.8940926495040565,苔腻
舌剥,舌嫩,0.9015912911190136,剥苔
地图舌,地龙,0.6573325516991746,苔剥如地图
白苔,苔白,0.9668038129740765,苔白
舌白,舌淡白,0.9517458414637101,苔白
薄白苔,苔薄白,0.9671906655774771,苔薄白
白厚苔,苔白厚,0.980664984171515,苔白厚
白干苔,苔白干,0.9700021524244392,苔白干
积粉苔,苔如积粉,0.9533476404008414,苔如积粉
雪花苔,苔如雪花,0.9357096040272332,苔如雪花
黄苔,苔黄,0.9653792510597438,苔黄
舌淡黄,舌淡白,0.9671164688041675,苔黄
苔两边黄,双黄苔,0.9112618638934031,苔黄
薄黄苔,苔薄黄,0.9675271703117286,苔薄黄
淡黄苔,黄滑苔,0.9639384676291175,苔薄黄
厚黄苔,苔厚黄,0.9722327287256339,苔厚黄
深黄苔,双黄苔,0.9503549730823655,苔厚黄
焦黄苔,苔焦黄,0.971767166765608,苔焦黄
老黄苔,双黄苔,0.943161908383824,苔焦黄
苔白黄,苔黄,0.976222491100215,苔黄白相兼
苔黄滑,黄滑苔,0.9754574209532775,黄滑苔
霉酱苔,苔如霉酱,0.9366247292298707,苔如霉酱
苔灰,苔黄,0.9387537259375253,苔灰黑
脉微数,脉数,0.9434838511367092,脉数
寸脉数,脉数,0.9395269747841276,脉数
关脉数,脉数,0.8507933036512424,脉数
脉无力,脉弱,0.9045576946710847,脉虚
脉弱,脉弱,1.0,脉虚
脉微弱,脉弱,0.9448431526219377,脉虚
脉微,脉微,1.0,脉虚
脉有力,脉弱,0.8796276204021181,脉实
右关脉实,反关脉,0.8813140042140769,脉实
左脉细,脉细,0.9115710338744314,脉细
脉左弦,脉弦,0.930839351135547,脉弦
左关脉弦,脉弦,0.874028572216365,脉弦
脉左滑,脉滑,0.9136405017586645,脉滑
寸脉滑,脉滑,0.9557655906878294,脉滑
关脉滑,脉滑,0.8259102184836312,脉滑
脉滞,脉散,0.869769308606766,脉涩
脉软,脉弱,0.9022715112280688,脉濡
脉结代,脉结,0.9223779817812614,脉结
左关脉结,反关脉,0.8521074193370761,脉结
脉中空,脉牢,0.8431123258972125,脉芤
指纹色紫,指纹色紫黑,0.9621519173796805,指纹色紫黑
独语,失语,0.798770327651435,喃喃独语
语声低怯,语声低微,0.924232315642594,语声低微
口不能言,言语不清,0.8531882333481006,失语
语迟,失语,0.8241120818648434,小儿言语迟缓
喘促,暴喘,0.9120625776725316,气喘
气喘息粗,气喘,0.909239941092083,气喘
气粗,气短,0.797101041755963,气喘
打嗝,呃逆,0.8058113117285729,嗳气
打饱嗝,嗳气,0.7858795572848939,嗳气
噫气,瘿气,0.9999999999999999,嗳气
懒言,少气懒言,0.7896120802091335,少气懒言
微咳,咳嗽,0.9305816119061859,咳嗽
干呛,干咳,0.7376325830584167,呛咳
痰鸣,喉中痰鸣,0.873227116083231,喉中痰鸣
喘鸣,哮鸣,0.9142719483768165,喉中痰鸣
痰声漉漉,痰臭,0.8782913808733898,喉中痰鸣
肠鸣,肠鸣辘辘,0.8909094429788124,腹鸣
腹中雷鸣,腹鸣,0.7884001719425583,腹鸣
腹水肿胀,腹水,0.881939168122104,腹部转侧有水声
脘腹摇动有水声,腹部转侧有水声,0.8231588184294172,腹部转侧有水声
腹水,腹水,1.0,腹部转侧有水声
吐清涎,口吐涎,0.8854159671099712,口吐涎
口吐涎沫,口吐涎,0.9285329608512414,口吐涎
大便干,大便干燥,0.9512145944250157,大便干燥
便干,大便干燥,0.9270896921851142,大便干燥
便燥,大便干燥,0.9166846195974745,大便干燥
便结,大便秘结,0.930888052015402,大便秘结
大便干结,大便秘结,0.9422909227757769,大便硬结
便秘,便秘,0.9999999999998636,大便秘结
大便不畅,排便不畅,0.9696812548675645,大便秘结
大便闭塞,大便失禁,0.920548503815328,大便秘结
大便闭结,大便硬结,0.9445042808608265,大便秘结
习惯性便秘,经常便秘,0.92286979222729,经常便秘
泄泻,泄泻病,0.9462509651929298,腹泻
大便泄泻,泄泻病,0.9028307744779034,腹泻
下利,下消,0.7146578451225445,腹泻
注泄,飧泄,0.8196281542860354,泻下如注
注泻,泻下如注,0.8545294507834377,泻下如注
泄注,飧泄,0.7935273371671699,泻下如注
泻滞,泄泻病,0.8571350699621848,泻下不爽
便溏,大便溏薄,0.9043172146903173,大便溏薄
大便稀溏,大便溏薄,0.9669624351102479,大便溏薄
大便溏,大便溏薄,0.9574893722234475,大便溏薄
大便糖稀,大便稀,0.9228943687263527,大便溏薄
大便溏池,大便溏薄,0.9373565957595588,大便溏薄
大便带泡沫,泡沫样大便,0.9613904990575315,泡沫样大便
大便先干后稀,大便先干后溏,0.9476353114819157,大便先干后溏
便如鱼脑,脑瘤,0.5941422336325982,便下黏液
大便带血,便血,0.9262998955916916,便血
便血鲜红,便血,0.9007581391796087,便血
粪前下血,便血,0.8840294109036642,便血
便血暗红,便血,0.8944822046252606,便血
大便下血,便血,0.9339527099269862,便血
大便稀薄,大便稀,0.9717201282164182,大便稀
大便时结时溏,大便时结时稀,0.9429087315231703,大便时结时稀
大便时溏,大便溏薄,0.9410689657176683,大便时结时稀
便黄,大便黄,0.9647750023237638,大便黄
便如陶土,便如蛋汤,0.6108853013636649,大便灰白
大便陶土色,大便灰白,0.8971756643493889,大便灰白
大便灰褐,大便灰白,0.9710892373135314,大便灰白
大便白,大便黄,0.9642909733267089,大便灰白
大便色白,大便灰白,0.9596244191554276,大便灰白
大便色黑,黑便,0.9369879929669042,黑便
大便黑,黑便,0.9600992346437611,黑便
大便难,大便艰难,0.9726842238419571,大便艰难
不更衣,弃衣而走,0.6794810276269072,大便艰难
大便不爽,大便不净,0.9582755774425759,大便不净
尿频多,尿频,0.9611577007548883,尿多
小便多,小便不利,0.93900901268971,尿多
尿短少,尿少,0.9600269723140401,尿少
小便短,小便中断,0.9391983831553999,尿少
小便短小,小便中断,0.9255896986351134,尿少
小便量少,小便不利,0.9212825164572168,尿少
小便短少,小便中断,0.9246867907462696,尿少
小便少,小便不利,0.939911689664876,尿少
尿短,尿少,0.9228309482082041,尿少
夜尿频,夜尿多,0.9605099154258924,夜尿多
夜间尿多,夜尿多,0.9738632842203426,夜尿多
小便频数,产后小便频数,0.9239000459077334,尿频
小便不通,小便不利,0.9686937366375006,尿闭
小便点滴而岀,产后小便频数与失禁,0.8512135129006649,尿闭
癃闭,癃闭,0.9999999999997813,尿闭
尿后余沥,尿后溢浊,0.8977983523480753,余沥不尽
尿时不爽,排尿艰涩,0.915705738448223,余沥不尽
小便疼痛,排尿疼痛,0.9627936701381828,排尿疼痛
小便涩痛,排尿艰涩,0.9188130899831718,排尿疼痛
尿浊,尿浊,0.9999999999998492,尿浑浊
溺浊,涕浊,0.6923628459318989,尿浑浊
小便浑浊,尿浑浊,0.9374940216215596,尿浑浊
尿浊不爽,尿后溢浊,0.9412110838661718,尿浑浊
尿白浊,尿浊,0.958291530294286,尿白
尿如乳糜,乳糜尿,0.9460544908316721,乳糜尿
尿道灼热,小便灼热,0.9202858069011637,小便灼热
膀胱急,膀胱证类,0.807911513558787,小便急迫
尿急,尿频,0.9507221025296839,小便急迫
遗溺,溺水,0.6795420336179935,小便失禁
小便清,小便不利,0.9058850490143635,尿清
小便清长,小便不利,0.9193603432661195,尿清
尿深黄,尿黄,0.9467930129596811,尿黄
小便黄,尿黄,0.9370123562381623,尿黄
小便深黄,尿黄,0.9080695279592469,尿黄
小便深黄如茶,尿黄褐,0.8429114096144609,尿黄
小便赤,小便灼热,0.9074278000112612,尿黄
小便微黄,尿黄,0.906912501028118,尿黄
小便黄赤,尿黄,0.9106838936227255,尿黄
小便如浓茶,小便不利,0.8328384869403093,尿黄
尿色深,尿黄褐,0.9108495227148601,尿黄
尿赤,尿黄,0.9204740028999139,尿黄
小便色黄,尿黄,0.9166130063844166,尿黄
小便红赤,小便灼热,0.9106803850826479,尿黄
尿中砂石,尿中有砂石,0.9832202738484251,尿中有砂石
痰白,痰色白,0.9651891610613568,痰色白
白痰,痰色白,0.9404992139874033,痰色白
痰绿,痰色绿,0.9636660513697642,痰色绿
绿痰,痰色绿,0.9462155843820612,痰色绿
痰黄,痰色黄,0.9676706176405865,痰色黄
黄痰,痰色黄,0.9508659814671636,痰色黄
痰带泡沫,泡沫痰,0.957074765192482,泡沫痰
流涎,口角流涎,0.8046215591251266,口角流涎
口流涎,口吐涎,0.9164943769742727,口角流涎
咳痰,吐痰,0.9159542654456706,吐痰
少痰,痰少,0.974933106214394,痰少
痰中带血,痰中夹血,0.9387186582929332,痰中夹血
咳血,咳血,1.0,咯血
吐血,呕血,0.917099350826807,呕血
痰黏,痰黏难咯,0.9292001228600623,痰黏难咯
流鼻涕,鼻流涕,0.9857360150867154,鼻流涕
呕吐酸水,呕吐苦水,0.9456170635798391,吐酸
阴痿,阳痿,0.9520172164733472,阳痿
射精过快,不射精,0.9371546859575811,早泄
阳举不衰,阳强,0.8165503535089966,阳强
精气清冷,精液清冷,0.8709975939984168,精液清冷
精冷,精冷,1.0,精液清冷
寒精,精冷,0.8858161578215908,精液清冷
精少,精少,1.0,精液量少
房事淡漠,性欲淡漠,0.8870165635712617,性欲淡漠
阴寒,阴冷,0.9144807268965186,阴冷
阴头寒,阴冷,0.8112855234677354,阴冷
外阴瘙痒,阴囊瘙痒,0.93659401664828,阴痒
阴挺,缩阴病,0.8058323929920461,子宫脱出
子宫脱垂,产后子宫脱垂,0.9476257612140676,子宫脱出
石女,石水,0.7482330300212306,外阴闭锁
阴吹,阴吹,0.9999999999999998,阴户矢气
外阴肿痛,外阴漫肿,0.9090973533967812,外阴红肿
外阴溃烂,阴囊皮肤溃烂,0.9031065537530762,阴疮
经色浅淡,月经色淡,0.9398661846045862,月经色淡
月经暗红,经色暗红,0.9202730365141728,经色暗红
月经先期,月经先期,1.0,月经提前
月经后期,月经后期,1.0,月经推后
月经推迟,月经推后,0.9541667216034714,月经推后
经乱,闭经,0.8187193031458413,月经先后不定期
经闭不行,闭经,0.8979540072274723,闭经
经血过多,经间期出血,0.9336563843877909,月经量多
血崩,血厥,0.8817834427651207,崩中
经血如崩,经血非时而下,0.891724274427217,崩中
漏下,漏下,1.0,月经淋漓不断
崩漏,崩漏,1.0,月经淋漓不断
经质清稀,月经清稀,0.868432777028255,月经清稀
月经有血块,经血夹块,0.9396204755433354,经血夹块
经行口疮,燕口疮,0.8242557913707884,经行口糜
月经期口腔溃疡,经行口糜,0.8607832500645304,经行口糜
经行腰酸,经行腰痛,0.9482537175165399,经行腰痛
经前腰酸,经前腰痛,0.960518272631151,经前腰痛
经后腰酸,经后腰痛,0.9628023159596514,经后腰痛
倒经,痛经,0.830066879623621,经行吐衄
经来遍身浮肿,经行浮肿,0.914380997184003,经行浮肿
经断复来,经断复行,0.9420264650374518,经断复行
老年经断复行,经断复行,0.8713381293631862,经断复行
经来腹泻,经行泄泻,0.8963061303865312,经行泄泻
白带,白带,1.0,带下色白
黄带,黄带,1.0,带下色黄
五色带,五色带,1.0,带下杂见五色
妊娠不语,妊娠音哑,0.8161692511821345,妊娠音哑
妊娠失音,妊娠音哑,0.9332068148131217,妊娠音哑
妊娠肿胀,妊娠水肿,0.8836231753929276,子肿
妊娠咳嗽,子嗽,0.791956743169532,子嗽
妊娠痉厥,妊娠呕吐,0.83692725070506,子痫
妊娠痫证,子痫,0.752286994999242,子痫
妊娠尿痛,妊娠尿血,0.8179260402680396,子淋
妊娠口渴,妊娠消渴,0.9173801478661863,妊娠消渴
妊娠心烦,胎动不安,0.7666098526810476,子烦
妊娠下血,晚期产后出血,0.8723192188757503,胎漏
数堕胎,堕胎,0.9240268140281382,滑胎
死产,死胎,0.90557974832822,胎死不下
倒产,难产,0.9275738089487945,胎位不正
横产,滞产,0.9145576959826558,胎位不正
偏产,早产,0.8802045682605493,胎位不正
息胞,胞长菌瘤,0.7209985960541145,胞衣不下
滞生,积滞,0.7222264138683099,难产
恶露不断,恶露不下,0.9603521507377172,产后恶露不绝
恶露不绝,恶露不下,0.9557960289342294,产后恶露不绝
恶露不净,恶露不畅,0.9365621622385011,产后恶露不绝
儿枕痛,落枕,0.8115004831616609,产后腹痛
郁冒,时行感冒,0.707578094486366,产后眩晕
血晕,晕厥,0.853533695539223,产后眩晕
漏奶,乳漏,0.7888397552884567,产后乳汁自漏
乳汁不行,乳汁不通,0.9347454115321121,产后缺乳
摊缓,驻车丸,0.6820112725022681,瘫痪
半身不遂,四肢不欲动,0.7549325129071829,偏瘫
周身浮肿,浮肿,0.8969072624053748,浮肿
身肿,浮肿,0.836959322496737,浮肿
肢体浮肿,下肢浮肿,0.9528449518896945,浮肿
面浮肢肿,下肢浮肿,0.866814937978779,浮肿
遍体浮肿,浮肿,0.9227734401101817,浮肿
面虚胖,消瘦,0.6435654063106471,浮肿
四肢浮肿,下肢浮肿,0.9555796403059259,浮肿
风消,消风散,0.8222267095143942,消瘦
羸瘦,消瘦,0.8979275812718661,消瘦
体瘦,消瘦,0.9036365587957987,消瘦
形肉瘦削,大肉尽脱,0.7610480856923675,消瘦
形体消瘦,消瘦,0.8992927991466628,消瘦
面容消瘦,面色憔悴,0.8145383519596311,消瘦
脱形,脱位病,0.7870742090297005,大肉尽脱
皱眉捧头,蹙额捧头,0.9181172478582029,蹙额捧头
端坐呼吸,呼吸张口抬肩,0.7856499961011822,"坐不得卧,卧则气逆"
不得平卧,喜仰卧,0.8525041800493506,"坐不得卧,卧则气逆"
肢体㿠黄,眵黄,0.7405533107218194,身黄
发黄,头发色黄,0.8002539692775144,身黄
皮肤色黄,皮肤色黄,1.0,身黄
肤黄,皮肤色黄,0.9483720586467357,身黄
皮肤暗黄,皮肤暗黄,1.0,身黄
体胖,肥胖,0.931440947261609,肥胖
懈怠懒动,四肢倦怠,0.7355055432923148,四肢不欲动
头方,头偏,0.8238585214376667,方颅
囟填,贲豚,0.6350815142582565,囟门突起
囟门不合,囟门早闭,0.8992656176407545,解颅
囟开不合,囟门早闭,0.8176450069605831,解颅
囟解,解颅,0.7841285813758695,解颅
囟门迟闭,囟门早闭,0.975714866065733,解颅
摇头,头摇,0.927940804877176,头摇
头发灰暗,头发色黄,0.9015441045790208,头发无光泽
发结如穗,头发结穗,0.9051404178176261,头发结穗
须发早白,头发色白,0.8445029453504211,头发色白
面色无华晦暗,面色无华,0.9401602619465341,面色晦暗
肤晦暗,皮肤暗黄,0.9070159545844793,面色晦暗
肤暗,皮肤暗黄,0.9034551966107198,面色晦暗
肤无光,皮肤光亮,0.9101042860360049,面色晦暗
面色不泽,面色无华,0.92074039672981,面色晦暗
面色晦黄,面色萎黄,0.9565749516751372,面色晦暗
面青暗,面色青,0.9316369323047635,面色晦暗
面色青黑,面色青,0.946088337355972,面色晦暗
面容晦滞,面色晦暗,0.8322150699894872,面色晦暗
面色晦滞,面色晦暗,0.9316675171617732,面色晦暗
额上黑,面色黑,0.7891625706242866,面色黑
面黑,面色黑,0.958558757923132,面色黑
面色黧黑,面色黧黑,1.0,面色黑
面焦,面部褐斑,0.72798074791314,面色黑
面垢,粉刺,0.7760185227406661,面色灰暗
面灰暗,面色灰暗,0.9587229315585716,面色灰暗
面色暗,面色晦暗,0.9724922459142497,面色灰暗
面色㿠黄,面色黄,0.9571026162424903,面色黄
面黄,面色黄,0.9626208889453253,面色黄
面色苍黄,面色萎黄,0.9654608671242537,面色黄
面色灰黄,面色黄,0.9519663775731604,面色萎黄
面赤,面色红赤,0.8623568664905841,面色红赤
泛红如妆,面红如妆,0.9344130204420514,面红如妆
面部紫斑,皮肤紫斑,0.9568654401935106,面部青斑
面肿,面部肿胀,0.909106499842967,颜面浮肿
颜面抽搐,面肌颤动,0.8237360761441817,颜面抽动
面具脸,苦笑面容,0.7090494505890385,面无表情
目窠浮肿,眼睑浮肿,0.8530514110395434,眼睑浮肿
山根青,大青叶,0.7709988204523077,额上青筋显现
倒睫,倒睫拳毛,0.9202857393361785,倒睫拳毛
眨眼,眼突,0.8351190532050571,目剖
目眨,目直,0.864058701471899,目剖
迎风流泪,遇风流泪,0.91743821828328,遇风流泪
漏睛,通睛,0.8246659664637978,眦漏
脓漏,疮脓畅泄,0.7713101227233091,眦漏
泪窍溢脓,黑睛积脓,0.7720828957082496,眦漏
目眦黄,目黄,0.8531104689167917,目黄
巩膜稍黄,巩膜斑点,0.8351938081785037,目黄
翳如旋螺,旋螺风,0.7087355379771866,旋螺尖起
损翳,厚翳,0.9171171000937404,目如蟹睛
血翳包睛,血翳包睛,1.0,赤脉下垂
瞳神膜闭,瞳神散大,0.8918518276626833,瞳神闭锁
戴眼,眼突,0.8178125846884444,目上视
眼眶凹陷,眼睑下垂,0.843006809673008,眼球深陷
耳郭枯搞,耳轮干枯,0.8755067702436176,耳廓枯槁
耳轮焦干,耳轮干枯,0.9083032315387628,耳轮干枯
耳轮萎缩,耳轮肿起,0.8220321878741562,耳轮干枯
耳轮瘦削,耳廓瘦小,0.9180666032799247,耳廓瘦小
耳窍出血,耳衄,0.844802270791123,耳衄
耳挺,耳闭,0.8385889628188979,耳痔
耳内长息肉,耳廓肿起柔软,0.8042335890753027,耳痔
耳疮,耳疮,1.0,耳生疮
耳内生疮,耳生疮,0.97094452332723,耳生疮
耳脓带血,耳脓色红,0.9062938768296944,耳脓色红
鼻流血,鼻衄,0.8319620218337332,鼻衄
鼻红,鼻头红,0.953846021160055,鼻衄
鼻张,鼻肿,0.8830900010065602,鼻翼煽动
鼻煽,鼻肿,0.8785518493292322,鼻翼煽动
鼻焮,鼻鼽,0.9999999999999999,鼻翼煽动
赤鼻,鼻准红赤,0.8713405287878777,鼻头红
鼻疱,鼻生疮,0.8986863561824786,鼻头红
齄鼻,鼻鼽,0.9784798033746255,鼻头红
鼻赤疱,鼻准红赤,0.8590348164242355,鼻头红
红鼻头,鼻头红,0.969219392035289,鼻头红
鼻内瘪肉,鼻息肉,0.8633714202502932,鼻息肉
鼻中肉赘,鼻息肉,0.8630127187098476,鼻息肉
鼻中息肉,鼻息肉,0.9632837448967911,鼻息肉
鼻生赘,鼻尖肿起,0.8272006541884304,鼻息肉
鼻生息肉,鼻息肉,0.9583108029660548,鼻息肉
鼻梁塌陷,鼻梁凹陷,0.9811649268288128,鼻柱塌陷
鼻尖红赤,鼻端色赤,0.9377271424098068,鼻准红赤
上气,气臌,0.8562213686605192,鼻息
息微,气息微弱,0.6880765690593438,鼻息
口腔溃疡,口腔溃烂,0.965308548718822,口腔溃烂
齿色枯白,齿黄,0.8940652195290341,牙齿燥如枯骨
齿紫黑,牙齿焦黑,0.8971770861572859,牙齿焦黑
齿龋,龋齿,0.9863335542816859,龋齿
小儿齿龋,小儿蚀齿,0.9217576877530278,小儿蚀齿
牙龈充血,牙龈出血,0.9376849516052433,牙龈色红
牙肿如蕈,牙龈硬肿,0.8899651923674751,牙龈高肿
龈萎齿长,齿龈肿,0.8858208014996253,牙龈萎缩
牙根宣露,牙齿残根,0.8640391063977607,牙宣
牙齿浮动,牙齿松动,0.8959079215477385,牙齿松动
龈衄,齿衄,0.8622751200264824,齿衄
燕口,口撮,0.7135620864529348,口角生疮
唇淡无华,唇色淡红,0.8828270199131991,口唇淡白
口唇无华,口唇淡白,0.8880816440373807,口唇淡白
口唇苍白,口唇苍白,1.0,口唇淡白
牙关紧咬,牙齿疏豁,0.8172418941363264,口噤
牙关紧闭,牙齿疏豁,0.807889071399082,口噤
口唇收缩,口软唇弛,0.8632166724835405,口撮
唇紧,唇裂,0.8846772848507409,口撮
撮口,口撮,0.9499746346790304,口撮
口喎,口噤,0.845735371335496,口僻
口角喎斜,口角抽动,0.8016854626992641,口僻
唇瞤,唇裂,0.8843151009919702,口振
口角掣动,口角抽动,0.9053164569888615,口振
口唇颤动,口角抽动,0.8429850708505854,口振
口中生疮,口角生疮,0.9236719156872871,口疳
口疮,燕口疮,0.9225668003946046,口疳
口糜,口糜,1.0,口疳
口内生疮,口角生疮,0.9293574179284616,口疳
口唇紫绀,口唇青紫,0.9175856812160655,口唇青紫
口唇焦裂,唇裂,0.8943872795333304,唇裂
乳蛾,乳蛾,1.0,乳蛾肿大
咽核,咽肿,0.859327162399797,乳蛾肿大
下颌脱臼,下颌脱落,0.9011747495912085,下颌脱落
落架风,四弯风,0.7568642690606555,下颌脱落
瘿肿,瘿肿,0.9999999999999999,颈前瘿肿
瘿瘤,侠瘿瘤,0.9271019053731079,颈前瘿肿
胸盈不足以息,呼吸胸高肋陷,0.7351374241847723,呼吸胸高肋陷
气促,气短,0.8771883962348762,呼吸急促
气急,气短,0.8372167810800868,呼吸急促
肩息,肩痛,0.8764809447432923,呼吸张口抬肩
乳房瘪小,乳房小,0.9646880233892537,乳房小
乳生癖块,乳内肿块,0.8634992480167111,乳内肿块
乳生恶核,乳生疬核,0.8985877055966557,乳生疬核
乳痨,乳痨,1.0,乳生痰核
乳悬,乳悬,1.0,乳房下垂
女子乳房松弛下垂,乳房下垂,0.924197669146125,乳房下垂
缺乳,产后缺乳,0.9019919787600942,产后乳少
乳少,产后乳少,0.9102222988697842,产后乳少
无乳,溢乳,0.905662610868676,产后无乳
乳衄,乳衄,1.0,乳窍溢血
右胁痞块,胁下癥块,0.8987950736502259,胁下癥块
右胁癥积,胁下癥块,0.8964770494794715,胁下癥块
腹鼓,腹大如鼓,0.8949850804166282,腹大如鼓
肚大绷急,大腹胀,0.8391763653883264,腹部膨隆
腹部皮肤绷紧,大腹皮,0.7987980563270948,腹部膨隆
少腹急结,少腹坚满,0.8781249565457632,腹部（上腹部/胁下/下腹部/少腹）拘急
腹部硬满,腹大坚满,0.9209459240717434,腹硬拒按
腹中痞块,腹内包块,0.865109096794348,腹内包块
少腹硬满,少腹坚满,0.963498750333709,少腹坚满
脐平筋露,脐疮,0.7325983811648485,腹部青筋暴露
腹壁青筋,腹部青筋暴露,0.9046532118496727,腹部青筋暴露
腹露青筋,腹部青筋暴露,0.946179110363472,腹部青筋暴露
肢体萎废,四肢无力,0.8187683383895362,上肢/下肢/四肢萎缩
膝肿痛,腰膝疼痛,0.9028420572739727,关节肿大
关节红肿,关节肿大,0.9049742753178347,关节肿大
关节变形,关节畸形,0.9540039675308233,关节畸形
杵状指,指大如杵,0.8689714463737305,指大如杵
“0”型腿,青筋腿,0.6980839819908485,膝外翻
箩圈腿,鹤膝,0.7069253986559864,膝外翻
“X”型腿,青筋腿,0.700236546469516,膝内翻
八字腿,青筋腿,0.7211568075845648,膝内翻
假关节形成,关节畸形,0.9007146924602187,四肢异常活动
四肢妄动,四肢不欲动,0.8945638168370168,四肢异常活动
四肢不收,四肢无力,0.8975505481581072,四肢异常活动
手足脱节,手足瘛疭,0.8412429875136365,指/趾骨节脱落
鼠屎痔,内痔,0.8679261952010758,肛门生疣
肢体痿废,肢体痿弱,0.9585495667647588,肢体痿弱
脚转筋,转筋,0.793343662999886,转筋
抽筋,筋挛,0.9007610378000888,转筋
腿肿痛,腿酸,0.8749875914531289,四肢肿胀
足跗微肿,足肿,0.9080057795094026,足肿
面额部斑疹,皮肤丘疹,0.8552909544627936,皮肤起疹
颈部斑疹,颈生疮,0.8836995275858164,皮肤起疹
胸部斑疹,乳房红斑,0.8170247762737187,皮肤起疹
双腿斑疹,小腿溃疡,0.8249336009140451,皮肤起疹
皮疹,皮肤起疹,0.9459309677519063,皮肤起疹
局部皮肤麻木,某局部麻木,0.8696054132920916,皮肤感觉减退
肌肤不仁,皮肤粗糙,0.833385670470887,皮肤感觉消失
皮肤搔之不知痛楚,皮疹搔之不知痛痒,0.9314691106668507,皮肤感觉消失
雀斑,雀斑,1.0,皮肤黄褐斑
水泡,皮水,0.7385390864919444,皮肤水疱
头皮屑,头皮脱屑,0.9717962395011076,头皮脱屑
肤黑,皮肤色黑,0.9427087489824435,皮肤色黑
皮下瘀点,皮肤瘀点,0.9287801528853503,皮下瘀斑
肢体瘀点,肢体血肿,0.8357240371238679,皮下瘀斑
红丝赤缕,赤丝虬脉,0.8129029735187666,蜘蛛痔
红紫色斑疹,皮疹紫红,0.962930224665644,皮疹紫红
目涩,目干涩,0.9302004276269861,目干涩
眼干燥,目干涩,0.8764499830548304,目干涩
眼干,目干涩,0.8954459439957928,目干涩
头面热,头面烘热,0.9194212049000364,头热
口眼歪斜,口眼㖞斜,0.955345211823174,口眼㖞斜
但臂不遂,臂麻,0.7685116328104841,肩不举
红斑掌,指纹色红,0.7773465011679807,朱砂掌
腰背偻俯,腰背俯偻,0.9866902716061651,腰背俯偻
尾骶痛,尾间痛,0.8512669614291486,尾间痛
尾骨痛,尾间痛,0.9203616994471412,尾间痛
心下胃脘悸动,胃脘拘急,0.7886261445107668,心下悸
白淫,滑精,0.7158741591909381,小便挟精
尿精,小便挟精,0.9083439506501675,小便挟精
精浊,精浊,1.0,小便挟精
阴中痛,阴痛,0.94905443233329,阴痛
内寒证,寒证,0.9105507355758622,里寒证
表里俱寒证,表里实寒证,0.9319871452992352,表里实寒证
阴盛格阳证,阴盛阳虚证,0.955384410555027,真寒假热证
里热炽盛证,邪热炽盛证,0.8922667656518485,里热证
实热证,表热证,0.9086322630298244,里热证
表里俱热证,表里实热证,0.9492986666225139,表里实热证
假寒真热证,真热假寒证,0.9883626476064924,真热假寒证
热厥证,厥热胜复证,0.9048440438538075,真热假寒证
阳盛格阴证,阴盛阳虚证,0.95488482751702,真热假寒证
里虚寒证,虚寒证,0.9496583784360074,虚寒证
脏腑虚寒证,中虚脏寒证,0.9260834619377367,虚寒证
脏腑虚冷证,中虚脏寒证,0.9188380572426869,虚寒证
虚实错杂证,虚实夹杂证,0.9682474307317188,虚实夹杂证
表虚里实证,表虚证,0.9253873521350741,虚实夹杂证
上盛下虚证,上实下虚证,0.8759555500860845,上实下虚证
寒热夹杂证,寒热错杂证,0.9759313923406148,寒热错杂证
表寒内热证,表寒里热证,0.9746422800101314,表寒里热证
外寒肺热证,表寒肺热证,0.9796045808013055,表寒肺热证
肺热表寒证,表寒肺热证,0.9929154193524575,表寒肺热证
外寒内热证,外寒里热证,0.970919969515532,外寒里热证
客寒包火证,寒热错杂证,0.7993017261992885,外寒里热证
外热内寒证,外热里寒证,0.9706371900164051,外热里寒证
下寒上热证,上寒下热证,0.9818404031566382,上热下寒证
下热上寒证,上寒下热证,0.9806792755782753,上寒下热证
邪气阻闭证,邪气闭阻证,0.9938976791328259,邪气闭阻证
余邪留恋证,余邪未尽证,0.8139741762274806,余邪未尽证
余热未尽证,余热未清证,0.9326733795639797,余热未清证
正虚邪留证,正虚邪实证,0.9520449282707781,正虚邪恋证
邪伏阴分证,邪留阴分证,0.9110530639328887,邪留阴分证
邪郁卫表证,邪袭卫表证,0.8222033522528394,邪袭卫表证
邪在卫分证,邪袭卫表证,0.91109876109106,邪袭卫表证
邪遏卫气证,卫气同病证,0.8541304562419321,邪袭卫表证
邪阻膜原证,邪伏膜原证,0.9007282584184346,邪伏膜原证
少腹瘀滞证,少腹血瘀证,0.8875611421218406,少腹血瘀证
邪入肺卫证,邪在肺卫证,0.9738304582390991,邪在肺卫证
邪袭肺卫证,邪在肺卫证,0.9640325617138952,邪在肺卫证
邪侵肺卫证,邪在肺卫证,0.9626620902555574,邪在肺卫证
邪郁肺卫证,邪在肺卫证,0.933764821793974,邪在肺卫证
邪伤肺卫证,邪在肺卫证,0.9493054905385414,邪在肺卫证
温邪侵袭肺卫证,热入肺卫证,0.894066592105656,邪在肺卫证
邪入气分证,邪在气分证,0.9585303724492604,邪在气分证
邪入气营证,邪在气营证,0.9636900954299662,邪在气营证
邪入营分证,邪在营分证,0.9554031805610406,邪在营分证
邪入营血证,邪在营血证,0.9680763112326629,邪在营血证
营血同病证,营血虚证,0.8603877280008071,邪在营血证
邪入血分证,邪在血分证,0.9620533131998229,邪在血分证
经络闭阻证,邪闭经络证,0.896222394871077,邪闭经络证
邪入脏腑证,邪犯脏腑证,0.9689220690014615,邪犯脏腑证
邪入肺胃证,邪犯肺胃证,0.9733146193449479,邪犯肺胃证
邪郁肺胃证,邪犯肺胃证,0.9559390463183408,邪犯肺胃证
邪入心包证,邪陷心包证,0.9584675618969024,邪陷心包证
邪犯心肝证,邪陷心肝证,0.975716239571928,邪陷心肝证
风邪偏盛证,风邪证,0.9260214638180617,风邪证
风邪外侵证,风邪外袭证,0.9774529225290882,风邪外袭证
风邪乘袭证,风邪外袭证,0.9641109609861452,风邪外袭证
风邪侵袭证,风邪外袭证,0.9728929278253741,风邪外袭证
外感风邪证,风邪外袭证,0.9684128261985914,风邪外袭证
风邪犯表证,风邪袭表证,0.9791017388689884,风邪袭表证
风胜行痹证,风湿上犯证,0.8515005953568755,风盛历节证
风邪犯眼证,风邪犯目证,0.9539263336975734,风邪犯目证
风邪犯唇证,风邪犯口证,0.8454272586561413,风邪犯口证
风邪入舌证,风邪犯舌证,0.9735569994726617,风邪犯舌证
外中风证,外风证,0.8360372070072307,风邪入中证
卫外失固风邪中络证,风邪中络证,0.9142314126882758,风邪中络证
风中经络证,风邪中络证,0.894140187853988,风邪中经证
风邪外袭经气痞塞证,风邪阻络证,0.7380512134770775,风邪中经证
中腑中风证,风邪中腑证,0.7922115343098343,风邪中腑证
中脏中风证,风邪中脏证,0.7325738072506484,风邪中脏证
风寒乘袭证,风寒外袭证,0.975594363542555,风寒外袭证
外感风寒证,风寒外袭证,0.9738535539875727,风寒外袭证
风寒表证,风寒束表证,0.9854388256023952,风寒感冒证
风寒上犯证,风寒外袭证,0.9599180801383059,风寒上扰证
风寒袭喉证,风寒袭咽证,0.9270513003501105,风寒袭咽证
风寒入络证,风寒袭络证,0.9801588721392128,风寒袭络证
风寒凝络证,风寒阻络证,0.9724212317935127,风寒阻络证
风寒束肺证,风寒袭肺证,0.9812623455606433,风寒犯肺证
风寒郁肺证,风寒犯肺证,0.9624160449994184,风寒闭肺证
风寒湿痹证,风寒湿痹阻证,0.983255738495256,风寒湿痹阻证
风寒湿阻证,风寒湿痹阻证,0.9564452044389953,风寒湿痹阻证
风寒湿邪证,风寒湿痹阻证,0.9286051792918134,风寒湿痹阻证
风寒湿阻筋骨证,风寒湿凝滞筋骨证,0.9793708606525524,风寒湿凝滞筋骨证
风寒郁热证,风寒化热证,0.924943477728844,风寒化热证
风热外侵证,风热外袭证,0.9687226978040446,风热外袭证
风热外犯证,风热上犯证,0.9794683571914693,风热外袭证
风热侵袭证,风热外袭证,0.9726198327646588,风热外袭证
风热偏盛证,风热俱盛证,0.9759274386233185,风热俱盛证
风热壅盛证,热盛动风证,0.8771516724532608,风热俱盛证
热伤风证,风热证,0.9432786616928003,风热感冒证
风热袭表证,风热犯表证,0.9688676643863184,风热犯表证
风热表证,风热犯表证,0.9758545737733663,风热犯表证
风热在表证,风热犯表证,0.9723107517669725,风热犯表证
风热蕴肌证,风热蕴肤证,0.8906763490926993,风热蕴肤证
风热郁滞肌肤证,风热蕴肤证,0.925747393498209,风热蕴肤证
肌肤风热证,风热蕴肤证,0.9167561894098761,风热蕴肤证
风热上扰证,风热上犯证,0.9513270925542832,风热上犯证
风热上攻证,风热上犯证,0.9623116152869797,风热上犯证
风热攻目证,风热犯目证,0.9768603669686231,风热犯目证
风热壅目证,风热犯目证,0.8958570810346252,风热犯目证
风热侵喉证,风热侵咽证,0.9172853366520988,风热侵咽证
风热入络证,风热阻络证,0.9745933274076155,风热袭络证
风热郁肺证,风热犯肺证,0.9617368795732425,风热闭肺证
心脏风热证,风热犯心证,0.9082499944538664,风热犯心证
风热血燥证,血热风燥证,0.9910868645126352,风热化燥证
风热湿邪浸渍证,风热夹湿证,0.9283097206897619,风热夹湿证
风热挟痰证,痰热动风证,0.9627462925505367,风热痰凝证
风热邪毒外侵证,风热邪毒证,0.9781175640555965,风热邪毒证
风邪热毒证,风热邪毒证,0.9935254329875957,风热邪毒证
风热毒蕴证,风热邪毒证,0.975242286542346,风热邪毒证
风热湿毒壅盛证,风热湿毒证,0.9685019989121124,风热湿毒证
风热湿毒,风热湿毒证,0.9479233735144055,风热湿毒证
浸淫肺脾证,邪犯肺脾证,0.8144137523545827,风热湿毒证
风湿袭表证,风湿表证,0.982709499849274,风湿表证
风湿犯表证,风湿表证,0.9833338227903735,风湿表证
风湿滞表证,风湿表证,0.9592793401086941,风湿表证
卫分风湿证,风湿外袭证,0.9106420593443392,风湿表证
卫表风湿证,风湿表证,0.950726490141299,风湿表证
肌肤风湿证,风湿蕴肤证,0.9323326723713575,风湿蕴肤证
风湿头痛证,风湿犯头证,0.8992600055586013,风湿犯头证
风湿挟热证,风湿热证,0.976643374693171,风湿热证
风湿热郁证,风湿热证,0.9375061461254087,风湿热证
风湿热盛证,风湿热证,0.9848315371273656,风湿热证
风湿郁热证,风湿热证,0.9505006034242037,风湿化热证
风湿毒蕴证,风湿毒聚证,0.9789501533864171,风湿毒聚证
风袭水停证,风水泛滥证,0.7410808677350631,风水证
风水犯肺证,风邪犯肺证,0.839753862542935,风水相搏证
风袭水泛证,风水泛滥证,0.7665753971813484,风水泛滥证
风燥袭表证,风燥犯表证,0.9826840931558344,风燥犯表证
风燥伤表证,风燥犯表证,0.9594047797052817,风燥犯表证
风燥犯肺证,风燥伤肺证,0.9721947112833617,风燥伤肺证
风痰偏盛证,风痰上攻证,0.9589457029244556,风痰证
风痰上扰证,风痰上攻证,0.9709915360189955,风痰上攻证
浊邪上犯证,湿浊上泛证,0.7773128596225461,风痰上攻证
风痰闭窍证,风痰阻络证,0.9041639024656806,风痰闭神证
风痰闭阻证,风痰阻络证,0.9589643962036457,风痰闭神证
闭窍动风证,邪闭清窍证,0.8099523094647274,风痰闭神证
风动痰阻证,风痰上攻证,0.936784107608795,风痰阻络证
风痰瘀痹阻脉络证,风痰瘀痹脉络证,0.9916359108464718,风痰瘀痹脉络证
风痰瘀血证,血瘀痰滞证,0.9119035116232762,风痰瘀痹脉络证
风痰瘀血,瘀痰证,0.8558449280547029,风痰瘀痹脉络证
痹阻脉络证,络脉证,0.7932526852894145,风痰瘀痹脉络证
风阳内扰证,风阳内动证,0.9479374829520595,风阳内动证
风阳上扰证,风阳内动证,0.9282135550826779,风阳上越证
风阳上僭证,风阳内动证,0.924783022387358,风阳上越证
风火上扰证,风火内动证,0.9427414783931861,风火上犯证
风火上炎证,风热化火证,0.9363277745126212,风火上犯证
风火上攻证,风火上犯证,0.9523996346275128,风火上犯证
风火上扰清窍证,风火蔽窍证,0.9255225504366243,风火上犯证
风火毒证,风火热毒证,0.9805238529529774,风火热毒证
风火热毒炽盛证,风火热毒证,0.9739376002443494,风火热毒证
寒邪偏盛证,寒邪犯表证,0.9279311842465529,寒证类
外寒证,表寒证,0.9376050055957861,寒邪外感证
表实寒证,表里实寒证,0.9512828555590702,寒邪犯表证
寒邪束表证,寒邪犯表证,0.9734842501348319,寒邪犯表证
寒邪束肺证,寒邪犯肺证,0.9782156035660691,寒邪犯肺证
肌肤寒凝血涩证,寒凝肌肤证,0.8194865217508575,寒凝肌肤证
寒凝血涩肌肤证,血寒凝滞证,0.8423048848821418,寒凝肌肤证
寒痛证,寒盛痹痛证,0.852967096911417,寒盛痹痛证
寒胜痛痹证,寒盛痹痛证,0.964004153356742,寒盛痹痛证
中寒证,寒证,0.9334897601340609,寒邪直中证
寒邪客胃证,寒邪犯胃证,0.9671357691749767,寒邪犯胃证
胃中寒冷证,胃寒证,0.9481675062444213,寒邪犯胃证
寒滞肠胃证,寒滞胃肠证,0.9854866045016527,寒滞胃肠证
腹部中寒证,脐腹中寒证,0.835116044498947,脐腹中寒证
寒滞肝经证,肝经寒实证,0.9509735784828264,寒滞肝脉证
寒滞胞中证,寒邪凝滞证,0.8494627839842742,寒滞胞宫证
胞宫寒滞证,寒滞胞宫证,0.9827020843404293,寒滞胞宫证
寒凝证,寒邪凝滞证,0.9231671585395647,寒邪凝滞证
寒实证,寒证,0.9224887818262691,寒邪凝滞证
寒邪内阻证,寒邪外感证,0.9077819336202997,寒邪凝滞证
寒邪阻遏证,寒邪证,0.9121098365751326,寒邪凝滞证
寒邪内积证,寒邪犯表证,0.9034196177388386,寒邪凝滞证
寒结胸膈证,寒实结胸证,0.9055443565154536,寒实结胸证
寒凝气聚证,寒凝气滞证,0.9708141940766206,寒凝气滞证
寒凝经脉证,寒滞经脉证,0.9699458343453145,寒凝经络证
寒凝血涩证,血寒凝滞证,0.9288555628535274,寒凝血瘀证
寒凝瘀结证,寒凝血瘀证,0.9212911596727584,寒凝血瘀证
寒凝夹虚证,气虚寒凝证,0.9372060305376776,寒邪夹虚证
寒伤血脉证,血寒证,0.8955130465335533,寒凝血虚证
寒凝阳衰证,寒凝阳虚证,0.9785669306724106,寒凝阳虚证
寒湿偏盛证,寒湿证,0.9381780126483904,寒湿证
肌肤寒湿证,寒湿蕴肤证,0.9199512408978305,寒湿蕴肤证
寒湿侵袭,寒湿外侵证,0.8703712280830764,寒湿阻络证
痹阻经络证,风湿入络证,0.7266098093068848,寒湿阻络证
寒湿着腰证,寒湿犯腰证,0.9768217716256055,寒湿犯腰证
寒湿内聚证,寒湿内侵证,0.9658339525357234,寒湿内侵证
寒湿内盛证,寒湿内侵证,0.969043337986732,寒湿内侵证
寒湿偏胜,寒湿证,0.8931673822597865,寒湿内侵证
寒湿凝聚证,寒湿凝滞证,0.9718221516084357,寒湿凝滞证
寒湿瘀郁证,寒湿瘀滞证,0.9725315433943202,寒湿瘀滞证
寒湿蕴脾证,寒湿困脾证,0.9787353378580221,寒湿困脾证
中阳被困证,阳伤证,0.8518054267928802,寒湿困脾证
寒痰停肺证,寒痰阻肺证,0.9847900366624069,寒痰阻肺证
寒饮停留证,寒饮内停证,0.9623661612443286,寒饮内停证
胃寒饮停证,寒饮停胃证,0.9888207861563673,寒饮停胃证
暑邪偏盛证,暑证类,0.8713558081626012,暑证类
暑温证,暑热证,0.9458374977471863,暑热证
暑犯气分证,暑入气分证,0.9596410839926676,暑入气分证
暑热炽盛证,暑热证,0.9372201006050099,暑入气分证
暑入阳明证,阳暑证,0.9157450386111023,暑入气分证
暑耗肺胃津气证,肺胃燥热证,0.8300775529611054,暑伤津气证
暑伤肺胃证,热犯肺胃证,0.8740440287952966,暑伤津气证
暑耗肺胃气阴证,肺胃阴伤证,0.8415541916913445,暑耗气阴证
暑闭心包证,暑入心包证,0.8757339403251672,暑入心包证
暑热蒙心证,暑热扰心证,0.950242253723214,暑热扰心证
暑动肝风证,肝热动风证,0.8659079473043598,暑热动风证
暑入心肾证,暑伤心肾证,0.9703445958521325,暑伤心肾证
暑湿在卫证,暑湿袭表证,0.9152488966957435,暑湿感冒证
暑湿蕴毒证,湿热蕴毒证,0.9158549550164744,暑湿蕴结证
暑湿内蕴证,暑湿蕴结证,0.9681093138003417,暑湿内伏证
暑湿蕴热证,暑湿热蕴证,0.9942899650889934,暑湿热蕴证
暑湿伤脾证,暑湿困脾证,0.9622249156761952,暑湿困脾证
暑湿困阻中焦证,暑湿弥漫三焦证,0.9029378726733617,暑湿困脾证
湿邪偏盛证,湿邪证,0.951731711060434,湿证类
外感湿邪证,湿邪外感证,0.9830072235941132,湿邪外感证
外湿证,湿邪证,0.9253304272787063,湿邪外感证
表湿证,湿邪证,0.9182452919654277,湿邪外感证
湿郁卫分证,湿郁卫表证,0.9578495350721317,湿郁卫表证
湿郁卫气证,湿郁卫表证,0.9103531641694937,湿郁卫表证
湿遏卫阳证,湿遏热伏证,0.8336194692192301,湿郁卫表证
湿胜著痹证,湿盛着痹证,0.9476364566533125,湿盛着痹证
湿邪阻络证,湿热阻络证,0.8954574959551117,湿阻筋络证
湿浊闭塞鼻窍证,湿壅鼻窍证,0.9491302809776071,湿壅鼻窍证
湿阻证,湿阻气分证,0.911479708039883,湿阻气分证
湿邪阻滞证,湿邪蕴积证,0.9548149082746473,湿阻气分证
湿阻中焦证,湿困中焦证,0.9407946095648134,湿困中焦证
湿邪困脾证,脾虚湿蕴证,0.9317945157987,湿困中焦证
里湿证,湿浊证,0.8769481959560473,湿邪内蕴证
内湿证,湿浊证,0.9047840128651344,湿邪内蕴证
湿困气滞证,湿阻气滞证,0.9616496779108409,湿阻气滞证
湿阻脾胃证,湿困脾胃证,0.9729516033479633,湿困脾胃证
湿困中阳证,阳虚湿阻证,0.8601955780511704,湿困脾阳证
湿伤脾阳证,湿困脾阳证,0.9630226797380451,湿困脾阳证
湿滞肠道证,湿阻肠道证,0.9825088631409848,湿阻肠道证
湿蕴肠道证,湿阻肠道证,0.9713082500941411,湿阻肠道证
热结水停证,水热互结证,0.876878601580322,水热互结证
水气犯肺证,水气射肺证,0.9399277772803123,水气射肺证
水凌心肺证,水气凌心犯肺证,0.9398060916940691,水气凌心犯肺证
外感湿热证,湿热外感证,0.9890252695976565,湿热外感证
湿郁化火证,湿郁化热证,0.9486658386696455,湿郁化热证
湿热蕴结肌肤证,湿热蕴肤证,0.9632338778339818,湿热蕴肤证
肌肤湿热证,湿热蕴肤证,0.9222145328251975,湿热蕴肤证
湿热壅阻证,湿热壅滞证,0.9877280483600956,湿热壅滞证
湿热痹阻证,湿热阻痹证,0.9885907413593791,湿热阻痹证
湿热阻滞经络证,湿热阻络证,0.9289978537144832,湿热阻络证
湿热壅结证,湿热壅滞证,0.98211875805877,湿热蕴结证
湿热冲心证,湿热蒙心证,0.9524612438155219,湿热蒙心证
湿热蕴阻证,湿热壅滞证,0.9800782500867566,湿热中阻证
湿热蕴脾证,湿热困脾证,0.9710282221008867,湿热困脾证
湿热伤胃证,湿热蕴胃证,0.9668939766252024,湿热蕴胃证
湿热熏蒸证,湿热上蒸证,0.9653450486129002,湿热蕴蒸证
肛门湿热证,湿热蕴结肛门证,0.9471381242471323,湿热蕴结肛门证
湿热酿痰,湿热酿痰证,0.9464146907692778,湿热酿痰证
湿温动血证,湿热动血证,0.935423099810499,湿热动血证
湿热瘀结证,湿热瘀滞证,0.9826003404037508,湿热瘀阻证
湿热血瘀证,湿热瘀阻证,0.9011628458891048,湿热瘀阻证
湿热毒蕴证,湿热蕴毒证,0.9928892357021438,湿热蕴毒证
湿邪热毒证,湿热蕴毒证,0.9724113404040357,湿热蕴毒证
湿热疫毒证,湿热疫毒内陷证,0.9676753631846622,湿热毒聚证
湿热火毒蕴结证,湿热火毒壅盛证,0.9825917221226217,湿热毒结证
湿热火毒蕴盛证,湿热火毒壅盛证,0.9929277046660299,湿热火毒壅盛证
湿热毒盛证,湿热毒证,0.9869330118101487,湿热火毒壅盛证
浊毒入营动血证,毒入营血证,0.9187973747656671,湿浊热毒入营血证
湿浊壅阻经络证,湿浊阻滞证,0.8888195231459803,湿浊阻滞证
阳虚浊聚证,阳虚兼夹证,0.8245817609581916,湿浊困阻证
湿浊蒙上,湿浊上泛证,0.8720699777468052,湿浊上泛证
泌别失职证,精室证类,0.5393468249763548,湿浊上泛证
湿浊蒙上证,湿浊上泛证,0.9672977973561526,湿浊上泛证
湿浊壅闭证,湿浊壅滞证,0.9851213499225839,湿浊内闭证
浊闭证,湿浊内闭证,0.7865662963772477,湿浊内闭证
燥邪偏盛证,燥邪证,0.94197418972485,燥证类
燥邪外感证,燥邪证,0.942818925278592,外燥证
燥邪伤肺证,燥邪犯肺证,0.9719697198557302,燥邪犯肺证
寒燥证,寒燥伤阳证,0.8702445509713419,凉燥证
寒燥犯表证,温燥袭表证,0.8914830218335704,凉燥袭表证
寒燥袭肺证,凉燥袭肺证,0.9186986293460353,凉燥袭肺证
燥热证,温燥证,0.8717745888123303,温燥证
燥热外犯证,温燥袭表证,0.8666057482392499,温燥袭表证
温燥伤肺证,温燥袭肺证,0.9743102803500849,温燥袭肺证
温燥伤阴证,燥邪伤阴证,0.8993311291230599,温燥伤津证
燥热伤津证,温燥伤津证,0.9396555266062516,温燥伤津证
燥热伤阴证,热盛伤阴证,0.8902970298391806,温燥伤津证
燥痰结肺证,燥痰阻肺证,0.9766486857081995,燥痰阻肺证
燥痰证,燥痰阻肺证,0.9480468294684755,燥痰阻肺证
火邪偏盛证,邪热炽盛证,0.9031464047624495,火证类
虚火上浮证,虚火证,0.9090031341683606,虚火扰心证
虚火灼损肺络证,肺经虚热证,0.8357424063460583,虚火灼络证
虚火灼损肾络证,肾阴虚火旺证,0.8763434100864912,虚火灼络证
温热证,热证,0.9370567139384464,火热证
邪热内侵证,邪热内扰证,0.9582113218423076,邪热内扰证
热邪阻痹证,邪热痹阻证,0.9699233622483435,邪热痹阻证
热邪偏盛证,邪热炽盛证,0.9397460471375103,邪热炽盛证
火邪炽盛证,相火炽盛证,0.9415758021455616,邪热炽盛证
火热炽盛证,火热证,0.9497547661338154,邪热炽盛证
热郁气滞证,热盛气滞证,0.9277039680753674,热盛气滞证
热邪郁蒸证,邪热郁蒸证,0.9888885956924118,邪热郁蒸证
热邪内郁证,邪热内郁证,0.9801891254011575,邪热内郁证
火邪郁结证,邪郁化火证,0.9588845259712433,邪热内郁证
邪热内结证,邪热内扰证,0.9476858302276107,邪热壅结证
热邪壅结证,邪热壅结证,0.9827910524920962,邪热壅结证
热极动风证,热盛动风证,0.9618074122055976,热盛动风证
热极生风证,热盛动风证,0.9292278754282858,热盛动风证
热盛生风证,热盛动风证,0.9670218035611817,热盛动风证
温邪内陷证,邪热内陷证,0.8565881117910147,邪热内陷证
热入心包证,热陷心包证,0.9617550992334996,热陷心包证
热闭心包证,热陷心包证,0.8991490849114494,热陷心包证
热闭证,邪热内闭证,0.8489488928015382,邪热内闭证
阳热内闭证,阳闭证,0.8051342474885447,邪热内闭证
热入气分证,热在气分证,0.9628782970790729,热炽气分证
邪热壅肺证,热邪壅肺证,0.9915134704014424,热邪壅肺证
肺胃热炽证,肺胃热盛证,0.9853664691647886,热犯肺胃证
肺胃实热证,肺胃热盛证,0.9733024972846201,热犯肺胃证
邪热干胆证,胆热证,0.865779443651998,热郁胆腑证
腑实热结证,热炽腑实证,0.8660591818557635,热炽腑实证
热在心营证,热入心营证,0.957947436038123,热入心营证
热灼营血证,热入营血证,0.9434875295271649,热入营血证
热炽血分证,血热内盛证,0.9359541779691687,热入血分证
热在血分证,热入血分证,0.9662744965494026,热入血分证
热结血瘀证,血热瘀滞证,0.9617661995589604,热盛血瘀证
热盛迫血证,热盛动血证,0.9625092319112425,热盛动血证
下焦热结证,热结下焦证,0.9849255452408471,热结下焦证
热入血结证,热与血结证,0.9650514574386737,热与血结证
热入胞宫证,胞宫血热证,0.8271710980989221,热结血室证
热入血室证,热结血室证,0.9510256997242595,热结血室证
火热伤阴证,火盛伤阴证,0.9672988933723438,热盛伤阴证
热伤津液证,热盛伤津证,0.8678633827744258,热盛伤津证
火热伤津证,热盛伤津证,0.9498093251552839,热盛伤津证
热盛津枯证,热盛伤津证,0.9249754929187182,热盛伤津证
热盛耗液证,血热内盛证,0.7257422026446095,热盛伤津证
肺热津伤证,热伤肺津证,0.9870084199455537,热伤肺津证
邪热伤阴证,热极伤阴证,0.8843811901807226,热极伤阴证
高热伤阴证,热极伤阴证,0.9602024383982601,热极伤阴证
热灼营阴证,热伤营阴证,0.9205616346761607,热伤营阴证
邪热留恋证,热邪留恋证,0.9854927746878636,热邪留恋证
热伏阴分证,热留阴分证,0.9380179867148909,热留阴分证
毒邪侵袭证,毒邪内攻证,0.9526436663979366,毒邪证
毒滞肌肤证,毒蕴肌肤证,0.9738808731962193,毒蕴肌肤证
毒蕴溃烂证,脓毒证,0.8600172354495802,毒盛肉腐证
蕴毒腐溃证,毒盛肉腐证,0.8369660094989637,毒盛肉腐证
邪毒炽盛证,热毒炽盛证,0.9500033772151029,邪毒内扰证
毒入气营证,毒燔气营证,0.9271810482336034,毒燔气营证
毒在气营证,毒燔气营证,0.9314780873920597,毒燔气营证
毒燔气血证,气血两虚毒滞证,0.8890641667671783,毒燔气营证
毒入血分证,毒入营血证,0.9144316898451549,毒入营血证
邪毒内陷证,邪毒内扰证,0.9680986621419613,正虚毒陷证
体虚毒恋证,正虚毒恋证,0.9393364057437469,正虚毒恋证
肌肤风毒证,风毒蕴肤证,0.9451752411572807,风毒蕴肤证
风毒入脉证,风毒入络证,0.9226110855475637,风毒入络证
风毒炽盛证,风轮热毒证,0.9408373137397487,风毒入里证
寒毒湿浊下注证,寒毒湿浊互结证,0.969736902460927,寒毒湿浊互结证
瘀血寒毒证,寒毒瘀阻证,0.911137842220618,寒毒瘀阻证
湿毒浸淫证,湿毒侵淫证,0.9753399415530054,湿毒侵淫证
肌肤湿毒证,湿毒蕴肤证,0.9464829514144468,湿毒蕴肤证
湿毒蕴结肌肤证,湿毒蕴肤证,0.9711702678221109,湿毒蕴肤证
水毒上扰证,水毒上攻证,0.9501890226173622,水毒上攻证
热毒证,火毒证,0.9489334639438879,火毒证
温毒证,温毒下注证,0.932524124383451,火毒证
热毒袭表证,火毒袭表证,0.9583681870847791,火毒袭表证
温毒袭表证,温毒下注证,0.9332744175231871,火毒袭表证
温毒在表证,温毒下注证,0.9198439637836627,火毒袭表证
热毒蕴肤证,火毒蕴肤证,0.9672005038773298,火毒蕴肤证
肌肤热毒证,火毒蕴肤证,0.9085471246045608,火毒蕴肤证
热毒蕴结肌肤证,火毒蕴肤证,0.9378530598514202,火毒蕴肤证
火毒蕴结肌肤证,火毒蕴肤证,0.9645420204423508,火毒蕴肤证
热毒入络证,火毒入络证,0.9625997765280266,火毒入络证
热毒窜络证,火毒窜络证,0.9583900210282574,火毒窜络证
火毒壅盛证,火毒壅滞证,0.9775469835637072,火热邪毒壅盛证
热毒壅盛证,热毒壅结证,0.9771672348007644,火热邪毒壅盛证
热毒壅滞证,热毒壅结证,0.9786333591988122,热毒壅结证
热毒蕴结证,热毒壅结证,0.9741436315435714,热毒壅结证
温毒炽盛证,热毒炽盛证,0.959756315248429,热毒炽盛证
火毒壅结证,火毒壅滞证,0.9796637662788708,火毒蕴结证
热毒凝结证,火毒凝结证,0.9561315973671352,火毒凝结证
火毒郁结证,火毒蕴结证,0.953470764456522,热郁成痈证
热盛酿脓证,热郁成痈证,0.8674190646014669,热毒酿脓证
热毒内攻证,火毒内蕴证,0.9542400403340058,火毒内攻证
热毒内蕴证,火毒内蕴证,0.9623982162559922,火毒内蕴证
疫毒内蕴证,疫毒内闭证,0.9410641932741755,火毒内蕴证
热毒传肺证,火毒传肺证,0.972789120852234,火毒传肺证
热毒传心证,火毒传心证,0.9553471161215866,火毒传心证
热毒冲心证,火毒传心证,0.9290141730086491,火毒传心证
热毒攻心证,火毒传心证,0.9369281480365165,火毒传心证
热毒传脾证,火毒传脾证,0.9658019890092688,火毒传脾证
热毒传肝证,火毒传肝证,0.9744992428595988,火毒传肝证
热毒传肾证,火毒传肾证,0.9687517391146278,火毒传肾证
热毒内闭证,温毒内闭证,0.9465267753231719,火毒内闭证
热毒闭肺证,火毒闭肺证,0.9709050869488862,火毒闭肺证
疫毒闭肺证,毒侵肺卫证,0.902126213552957,火毒闭肺证
热毒淤肝证,火热毒邪淤肝证,0.9642550754255884,火热毒邪淤肝证
热毒瘀肝证,火热毒邪淤肝证,0.9555150168465713,火热毒邪淤肝证
热毒入营血证,火毒入营血证,0.9689233942190723,火毒入营血证
火毒炽盛热入营血证,火毒入营血证,0.9560080100429069,火毒入营血证
热毒入营证,火毒入营证,0.9500125593596551,火毒入营证
疫毒入营证,疫毒证,0.9169135604178487,火毒入营证
热毒陷营证,火毒陷营证,0.9511812936018214,火毒陷营证
热毒伤血证,血轮热毒证,0.9698885808705205,火毒迫血证
热毒内陷证,火毒内陷证,0.949865824975999,火毒内陷证
热毒上攻证,火毒上攻证,0.9509605323720614,火毒上攻证
热毒上犯证,热毒炽盛证,0.9366210792702717,火毒上攻证
火热灼目证,火毒攻目证,0.8374822341178085,热毒攻目证
热邪侵目证,风热犯目证,0.843912497735924,热毒攻目证
热毒犯眼证,热毒攻目证,0.9430309464162734,火毒攻目证
毒火犯耳证,火毒犯耳证,0.9912219179978031,火毒犯耳证
热毒犯耳证,火毒犯耳证,0.9621178424747656,火毒犯耳证
热毒攻喉证,火毒攻喉证,0.966765197224705,火毒攻喉证
毒火攻口证,火毒攻口证,0.9900196726644417,火毒攻口证
热毒攻舌证,火毒攻舌证,0.9639877244714948,火毒攻舌证
热毒下犯证,火毒犯下证,0.931862765160144,火毒犯下证
热蕴大肠证,大肠热结证,0.9418038241091023,热毒蕴结大肠证
热毒蕴肠证,热毒蕴结大肠证,0.969983957505455,热毒蕴结大肠证
火毒伤津证,燥毒证,0.8707238470973083,火毒伤阴证
热毒伤津证,燥毒证,0.8706649328467518,热毒伤阴证
毒窜睾腹证,疫毒引睾窜腹证,0.9066574047126235,疫毒引睾窜腹证
邪毒引睾窜腹证,疫毒引睾窜腹证,0.9355106122552286,疫毒引睾窜腹证
邪毒引窜睾腹证,疫毒引睾窜腹证,0.9239864971797536,疫毒引睾窜腹证
瘟毒下注证,余毒攻窜证,0.8546074534409465,温毒下注证
疫热伤络证,疫毒伤络证,0.8355343240108614,疫毒伤络证
毒陷厥阴证,余毒伤阴证,0.8912669970039964,疹毒内陷厥阴证
邪毒内陷心肝证,毒陷心肝证,0.9334503959700348,毒陷心肝证
麻毒冲心证,火毒传心证,0.8539982795333946,痧毒冲心证
麻毒闭肺证,麻毒陷肺证,0.9472777093422289,麻毒陷肺证
疠毒壅肺,疠毒壅肺证,0.9230207321326968,疠毒壅肺证
疠犯心肝,疠陷心肝证,0.8592407141862923,疠陷心肝证
药毒内攻证,药毒内陷证,0.942489429676803,药毒内陷证
食毒动胎证,食毒伤胎证,0.97016788243468,食毒伤胎证
胎火蕴毒证,胎毒蕴热证,0.9647060083062486,胎毒蕴肤证
胎毒蕴结证,胎毒证,0.9320522768913504,胎毒蕴热证
肌肤虫毒证,虫毒侵袭肌肤证,0.9696171005057114,虫毒侵袭肌肤证
虫毒结肤证,虫毒蕴肤证,0.9783612914388563,虫毒蕴肤证
虫毒犯肺证,虫毒侵肺证,0.9852136808042887,虫毒侵肺证
痰气交阻证,痰阻气逆证,0.9722165426300555,痰气证
气滞痰结证,气滞痰阻证,0.9810871234013457,痰气互结证
气郁痰结证,痰气郁结证,0.9893408634437835,痰气互结证
气滞痰郁证,痰气郁结证,0.9725992902785073,痰气郁结证
痰气上逆证,痰阻气逆证,0.9676232448912685,痰阻气逆证
水饮内扰证,水饮内停证,0.9215864826772007,水饮内停证
水饮证,水饮内停证,0.9194327774725048,水饮内停证
饮邪犯肺证,饮邪客肺证,0.9629278673424628,饮邪客肺证
饮邪停肺证,饮邪客肺证,0.9584547709038284,饮邪客肺证
饮停于肺证,肺热饮停证,0.848950855682238,饮邪客肺证
饮阻胸膈证,饮停胸胁证,0.9009489257327155,饮停胸胁证
饮溢胸胁证,饮停胸胁证,0.9425900720348568,饮停胸胁证
水饮留肠证,饮留胃肠证,0.8261878399614988,饮留胃肠证
湿痰证,痰湿证,0.9878512255470424,痰湿证
痰湿内盛证,痰湿内蕴证,0.9873451653041857,痰湿内蕴证
痰湿偏盛证,痰湿内蕴证,0.9654847616748287,痰湿内蕴证
痰湿壅盛证,痰湿阻滞证,0.976372674280595,痰湿内蕴证
痰湿内积证,痰湿内蕴证,0.9878182588277697,痰湿内蕴证
痰湿内阻证,痰湿上阻证,0.9866169345893407,痰湿阻结证
痰湿蕴结证,痰湿阻结证,0.98711098883446,痰湿阻滞证
痰湿阻痹证,痰湿痹阻证,0.9944441251476971,痰湿痹阻证
痰湿结聚证,痰湿阻结证,0.9807352924801449,痰湿凝结证
痰湿结滞证,痰湿阻结证,0.9896340806935989,痰湿凝结证
湿痰凝结证,痰湿凝结证,0.9923089368998601,痰湿凝结证
肌肤痰湿证,痰湿蕴肤证,0.9547890532834281,痰湿蕴肤证
湿痰蕴结肌肤证,痰湿蕴肤证,0.9648296740033386,痰湿蕴肤证
胞睑痰湿证,痰湿阻胞证,0.945886238756122,痰湿阻结胞睑证
痰湿侵肺证,痰湿犯肺证,0.9894379663357259,痰湿犯肺证
痰湿壅肺证,痰湿蕴肺证,0.9921016099920175,痰湿蕴肺证
痰湿蒙窍证,痰湿蒙塞清窍证,0.9758613254520218,痰湿蒙闭心窍证
痰湿蒙神证,痰湿蒙蔽心神证,0.9272099362658563,痰湿蒙蔽心神证
湿痰聚胃证,痰湿聚胃证,0.9928209113536518,痰湿聚胃证
脾虚痰阻证,脾虚痰盛证,0.9750975063816354,痰湿蕴脾证
痰湿腰痛证,痰湿犯腰证,0.9133715723072219,痰湿犯腰证
痰注腰痛证,痰湿犯腰证,0.7404499842160401,痰湿犯腰证
痰湿阻滞精室证,痰浊凝聚精室证,0.9203475638014942,痰阻精室证
痰湿化火证,痰湿化热证,0.972210207443524,痰湿化热证
痰浊内阻证,痰浊中阻证,0.9861891010614378,痰浊证
痰浊内盛证,痰浊内蕴证,0.985323816476014,痰浊内蕴证
痰浊凝聚证,痰浊结聚证,0.9861440158241873,痰浊壅塞证
痰浊积聚证,痰浊结聚证,0.9863984557925093,痰浊壅塞证
痰浊结聚颈项证,痰浊结聚证,0.8238291173825015,痰浊结聚证
痰浊阻经证,痰阻经络证,0.9554269104537835,痰阻经络证
痰浊阻滞骨节证,痰浊凝聚宗筋证,0.8784513785713505,痰浊痹阻证
痰浊犯头证,痰浊上扰证,0.884375491970193,痰浊上蒙证
痰蒙清窍证,痰浊蒙窍证,0.9620578567566704,痰浊蒙蔽清窍证
痰聚鼻窍证,痰浊壅阻鼻窍证,0.9575651828684228,痰浊壅阻鼻窍证
痰浊蕴肺证,痰浊壅肺证,0.9908560103802669,痰浊壅肺证
痰浊下注证,痰浊下阻证,0.966294144877869,痰浊下阻证
痰浊化火证,痰浊化热证,0.9613650567853892,痰浊化热证
痰热壅盛证,痰热上壅证,0.982784432140452,痰热证
热痰证,痰热证,0.9868610647253955,痰热证
痰热内阻证,痰热内扰证,0.9787242906847032,痰热蕴结证
痰热内盛证,痰热内扰证,0.9776560872994394,痰热蕴结证
痰热上蒙证,痰热内扰证,0.9627034905252075,痰热上壅证
痰热内闭清窍证,痰热蔽窍证,0.9508058141540572,痰热上壅证
痰热阻结证,痰热蕴结证,0.9866723453626529,痰热阻结胞睑证
痰热郁肺证,痰热壅肺证,0.9879063151859803,痰热闭肺证
痰热蒙窍证,痰热蔽窍证,0.9847991364238218,痰热蔽窍证
痰热闭窍证,痰热蔽窍证,0.9775278175656287,痰热蔽窍证
痰热内闭证,痰热蕴结证,0.9613755746980112,痰热内闭心窍证
痰火内闭证,痰火内蕴证,0.9745698135432207,痰热内闭心窍证
痰热阴虚证,阴虚痰热证,0.9815338309628293,痰热伤阴证
痰热瘀阻证,瘀痰化热证,0.9574235916655301,痰热瘀阻肌肤证
痰火壅盛证,痰火壅结证,0.9830684816285569,痰火证
痰火内盛证,痰火内蕴证,0.9848588778625694,痰火内蕴证
痰火升扰证,痰火上扰证,0.9865804039676744,痰火上扰证
痰火扰心证,痰火上扰证,0.9201935467849353,痰火扰神证
痰火伤阴证,痰火劫阴证,0.9772866885933531,痰火劫阴证
胃中痰火证,痰火郁结证,0.8675857255811168,痰火积滞证
痰结毒滞证,痰结毒聚证,0.9821585639708221,痰结毒聚证
痰毒凝聚证,痰结毒聚证,0.9730914133874172,痰结毒聚证
痰毒攻喉证,痰毒壅喉证,0.9757085432905793,痰毒壅喉证
痰蒙心神证,痰迷心窍证,0.9124966550857065,痰蒙心窍证
痰蒙神窍证,痰蒙心窍证,0.9221184389687891,痰蒙心窍证
痰壅神窍证,痰阻心窍证,0.9214573103502067,痰蒙心窍证
蒙蔽心包证,邪陷心包证,0.7778438004778981,痰蒙心窍证
痰闭心神证,痰迷心窍证,0.9254751202969048,痰闭心窍证
痰蔽心包证,痰蒙心窍证,0.9051369981120948,痰闭心窍证
痰阻心神证,痰迷心窍证,0.942103042058267,痰阻心窍证
痰瘀内阻证,痰瘀闭阻证,0.9727929197167215,痰瘀互结证
瘀痰内阻证,痰瘀闭阻证,0.9743738827899542,痰瘀互结证
瘀痰互阻证,痰瘀闭阻证,0.9680731599765646,痰瘀互结证
痰瘀滞络证,痰瘀阻络证,0.9942979649673033,痰瘀阻络证
瘀痰阻肺证,痰瘀阻肺证,0.9941873237815705,痰瘀阻肺证
痰瘀阻滞证,痰瘀闭阻证,0.986912499678876,痰瘀闭阻证
痰瘀化火证,痰瘀化热证,0.9617299956206742,痰瘀化热证
痰食壅结证,食滞痰阻证,0.962251578024826,痰食互结证
瘀血痹闭证,瘀血痹阻证,0.9662566476423144,瘀血痹阻证
瘀血内滞证,瘀血内结证,0.9674827489853418,瘀血内停证
瘀血凝滞证,瘀血阻滞证,0.9666718371027064,瘀血内停证
瘀血停滞证,瘀血阻滞证,0.9803836072179022,瘀血内停证
瘀血留滞证,瘀血阻滞证,0.9752639222991002,瘀血内停证
肌肤瘀滞证,瘀滞肌肤证,0.9857020135468786,瘀滞肌肤证
血脉瘀阻证,瘀闭血脉证,0.9729082694688848,瘀闭血脉证
血脉瘀闭证,瘀闭血脉证,0.9928032070905388,瘀闭血脉证
瘀血伤络证,瘀血阻络证,0.9765599811620006,瘀血阻络证
瘀血犯头证,瘀血兼夹证,0.8187764594313612,瘀阻脑络证
瘀血乘肺证,瘀血停肺证,0.9806843722080154,瘀阻肺络证
瘀滞胸胁证,瘀阻胸胁证,0.9850327927763571,瘀阻胸胁证
瘀停胸胁证,瘀阻胸胁证,0.9679025465783401,瘀阻胸胁证
瘀停清窍证,瘀阻清窍证,0.9452049567776689,瘀阻清窍证
瘀阻脑神证,瘀阻脑窍证,0.9234510202739277,瘀阻脑窍证
脑窍被蒙证,窍络被蒙证,0.7075415863278811,瘀阻脑窍证
瘀血痹阻咽喉证,瘀阻咽喉证,0.9238874542984425,瘀阻咽喉证
瘀阻胸膈证,瘀阻胸胁证,0.9468051909693748,瘀血阻膈证
膈下瘀阻证,瘀血阻膈证,0.8968359866869281,瘀血阻膈证
瘀血发黄证,瘀血证类,0.881415807249954,瘀积发黄证
蓄血发黄证,亡血证,0.8028213473149799,瘀积发黄证
瘀滞下焦证,瘀阻下焦证,0.9749051771325276,瘀阻下焦证
下焦瘀滞证,瘀阻下焦证,0.9538048986976664,瘀阻下焦证
瘀滞胞脉证,瘀阻胞脉证,0.9845371624375764,瘀阻胞脉证
瘀血阻滞精室证,精室瘀阻证,0.9402833747723652,瘀阻精室证
瘀热搏结证,瘀热互结证,0.9610062469183913,瘀热证
瘀热内郁证,瘀热阻滞证,0.8550624570658893,瘀滞化热证
瘀滞化火证,瘀滞化热证,0.9305821377844051,瘀滞化热证
瘀热壅阻证,瘀热阻滞证,0.9710737084374358,瘀热阻滞证
瘀热阻络证,瘀热入络证,0.9785733368917319,瘀热入络证
热蕴络瘀证,瘀热入络证,0.9640261362368706,瘀热入络证
瘀热交阻证,瘀热阻滞证,0.9663081337461918,瘀热互结证
瘀热犯头证,瘀热证,0.793925755409004,瘀热上蒙证
瘀痰阻络证,痰瘀阻络证,0.9938240421133003,瘀痰入络证
瘀痰化火证,瘀痰化热证,0.9622623101730171,瘀痰化热证
情志失调证,情志证类,0.9081837484241551,情志证类
郁怒伤肝证,暴怒伤肝证,0.934227902383616,暴怒伤肝证
怒厥证,惊恐痉厥证,0.7116626129836863,暴怒伤肝证
思伤心脾证,思虑伤脾证,0.9224835885705787,思虑伤脾证
忧思气结证,忧郁气结证,0.9428607170631345,忧郁气结证
暴受惊恐证,惊恐证,0.9495417472177081,惊恐伤神证
恐惧伤肾证,惊恐伤肾证,0.941658575270397,惊恐伤肾证
恐伤肾气证,肾气不足证,0.9047014364596879,惊恐伤肾证
惊恐惊厥证,惊恐痉厥证,0.9533699096596501,惊恐痉厥证
食滞证,饮食积滞证,0.9299522196428953,伤食证
饮食停滞证,饮食积滞证,0.953838989783747,饮食积滞证
食滞胃肠证,食滞胃脘证,0.9172017635827318,饮食积滞证
食积胃肠证,食滞胃脘证,0.9201809982018039,饮食积滞证
伤食头痛证,食积头痛证,0.9383300197500801,食积头痛证
伤食胃痛证,食积胃痛证,0.9560523511505805,食积胃痛证
食积伤胃证,食滞胃脘证,0.9429708319763227,食积胃痛证
积滞伤胃证,胃肠气滞证,0.8782137283143846,食积胃痛证
伤食腹痛证,食积腹痛证,0.9575998053732327,食积腹痛证
暴食伤胃证,食积胃痛证,0.9063769623900815,伤食吐血证
乳食内积证,乳食积滞证,0.9652329691680629,乳食积滞证
乳食壅积证,乳食积滞证,0.9776358940857112,乳食积滞证
酒毒伤鼻证,火毒犯鼻证,0.7587064683975898,伤酒鼻衄证
酒毒伤胃证,酒毒伤肝证,0.8620424394027127,伤酒呕血证
酒毒伤脾证,酒毒伤肝证,0.8296838293667719,伤酒泄泻证
结石证,结石证类,0.9675241316400128,石阻气机证
石阻证,石阻气机证,0.7880308411808127,石阻气机证
蛔虫上扰证,蛔虫病,0.7954729113115675,虫扰胆膈证
肠道虫积证,虫积肠道证,0.9832552818266797,虫积肠道证
虫积小肠证,虫积肠道证,0.9529601770131545,虫积肠道证
虫扰于肠证,虫积肠道证,0.9234002619411363,虫积肠道证
虫积肠闭证,虫积肠道证,0.9455351207623992,蛔结肠闭证
虫阻肠闭证,虫积肠道证,0.9250610080841966,蛔结肠闭证
痰虫互结证,虫痰互结证,0.9846554156410021,虫痰互结证
痰虫互搏证,虫痰互结证,0.9329502647103314,虫痰互结证
外伤证,外伤证类,0.9684226073375318,外伤证类
外伤络损证,外伤损络证,0.9863991411721665,外伤损络证
皮肉破损证,外伤皮肉证,0.9081537250323196,外伤皮肉证
伤损筋骨证,外伤筋骨证,0.9629685077000177,外伤筋骨证
筋骨伤损证,外伤筋骨证,0.9736891786935232,外伤筋骨证
筋骨外伤证,外伤筋骨证,0.9926874801385557,外伤筋骨证
筋骨不用证,筋伤骨断证,0.902024483013274,外伤筋骨证
筋断筋伤证,筋伤筋断证,0.9899084593318004,筋伤筋断证
筋解骨断证,筋伤骨断证,0.9460108530220243,筋伤骨断证
耳廓外伤证,外伤耳廓证,0.992207921538026,外伤耳廓证
跌仆伤胎证,外伤动胎证,0.8965430820441666,外伤动胎证
气机不利证,气机失调证,0.8723275260813816,气机失调证
气郁证,气机郁滞证,0.9042438411406554,气滞证
气结证,气滞证,0.8985631049346969,气滞证
气机郁结证,气机郁滞证,0.9552636836039227,气滞证
少腹气滞证,气滞少腹证,0.982380654616094,气滞少腹证
气滞湿困证,气滞湿阻证,0.9615896547033888,气滞湿阻证
气郁化热证,气郁化火证,0.9323317103114137,气滞热壅证
气滞化热证,热盛气滞证,0.950545170902503,气滞热壅证
气滞化火证,气郁化火证,0.9331830169775257,气郁化火证
气火郁结证,气郁化火证,0.963943470190318,气郁化火证
气郁痰凝证,气滞痰凝证,0.9809900970404106,气滞痰凝证
气郁痰阻证,气滞痰阻证,0.9728985892167781,气滞痰阻证
痰结咽喉证,气滞痰结咽喉证,0.9575444802419973,气滞痰结咽喉证
气郁神闭证,气闭神厥证,0.8869553416850459,气闭神厥证
气虚下陷证,中气亏虚证,0.9133847400878953,气陷证
脾虚气陷证,脾虚气弱证,0.976490084380393,脾气下陷证
气机上逆证,气逆证,0.8982256277809575,气逆证
气机横逆证,气逆证,0.8948459744442253,气逆证
元气虚脱证,元气败脱证,0.9511080076559943,气脱证
气随津脱证,津气欲脱证,0.9375389493750323,气随液脱证
气滞血阻证,气滞血结证,0.9696162259517537,气血瘀阻证
气滞血阻积证,气滞血结证,0.9509028983794628,气滞血结证
气结血瘀积证,气结血瘀证,0.979006308069809,气血瘀积证
气郁血瘀证,气滞血郁证,0.961904970604492,气血瘀积证
气不统血证,气不摄血证,0.9477486501983173,气不摄血证
气虚血溢证,气血亏虚证,0.9575899496918561,气不摄血证
营虚证,营气虚证,0.8606926259646306,营气虚证
营气亏虚证,营气虚证,0.9767543042576697,营气虚证
卫气亏虚证,卫气虚证,0.9665147392658243,卫气虚证
卫表不固证,邪袭卫表证,0.7850674713161323,卫气虚证
气虚欲脱证,气虚证,0.862744433603743,元气欲脱证
元气衰败证,元气不足证,0.9421564115687974,元气败脱证
元阳衰败证,元阳亏虚证,0.9401743767129755,元气败脱证
气虚夹实证,气虚兼夹证,0.9443747093508306,气虚夹邪证
气虚外感证,气虚邪恋证,0.9137893186490655,气虚感冒证
气虚气壅证,气虚气滞证,0.9381566501275099,气虚气滞证
气虚痰阻证,气虚痰结证,0.9769629181600252,气虚痰结证
气虚痰滞证,气虚痰结证,0.9814333334934878,气虚痰结证
气虚邪留证,气虚夹邪证,0.976441162121325,气虚邪恋证
气虚毒滞证,气虚毒恋证,0.943407323260104,气虚毒恋证
气虚血滞证,气虚血瘀证,0.96722939715776,气虚血瘀证
气虚血涩证,气血亏虚证,0.9161443986113508,气虚血瘀证
气虚血凝证,气虚血瘀证,0.9510035617953952,气虚血瘀证
气虚瘀滞证,气虚络瘀证,0.948746742567587,气虚血瘀证
气血不足证,气血衰败证,0.9626578613237516,气血亏虚证
气血虚弱证,气血亏虚证,0.9871216007805075,气血亏虚证
气血两亏证,气血两虚证,0.9864403093945383,气血亏虚证
气虚血亏证,气血亏虚证,0.9936805798079078,气血亏虚证
气血两脱证,气随血脱证,0.9475791280591297,气衰血脱证
气虚血脱证,气衰血脱证,0.9743998819519755,气衰血脱证
气血亏虚毒滞难化证,气血两虚毒滞证,0.9528145634382913,气血两虚毒滞证
气血亏虚邪毒久困证,气血两虚毒滞证,0.9359675848827773,气血两虚毒滞证
气阴两亏证,气阴两虚证,0.9823961571533467,气阴两虚证
气阴不足证,气阴亏虚证,0.9565747673329248,气阴亏虚证
气营不足证,营气虚证,0.9168820115463772,气营两虚证
气营亏虚证,营气虚证,0.9689029117456963,气营两虚证
阴伤气弱证,气阴亏虚证,0.9490779537434075,气阴两伤证
阴伤气耗证,气阴耗竭证,0.9572368907064316,气阴两伤证
气阴耗伤证,气阴两伤证,0.9649459637091525,气阴耗竭证
血热内扰证,血热内盛证,0.9570392592918239,血热妄行证
风热血热证,血热风盛证,0.9691573243161311,血热风盛证
血热瘀结证,血热瘀滞证,0.9743203841295773,血热瘀滞证
血热阴虚证,阴虚血热证,0.9908221831544476,血热伤阴证
血亏证,血虚证,0.9764254775164929,血虚亏损证
血虚肤燥证,血燥失养证,0.9188234962280813,血不润肤证
血虚口燥证,血虚唇燥证,0.9193228052730869,血虚唇燥证
血不濡筋证,血不荣筋证,0.9370621505578194,血不荣筋证
血不养筋证,血不荣筋证,0.9717723627165398,血不荣筋证
血虚肠结证,血虚肠燥证,0.8530319072401866,血虚肠燥证
营血不足证,营血虚证,0.9455104720116405,营血虚证
营血亏虚证,营血虚证,0.9845848640113425,营血虚证
阴血亏损证,阴血亏虚证,0.9840226334355946,阴血亏虚证
阴虚血弱证,阴血虚衰证,0.9875555506363214,阴血亏虚证
阴虚血亏证,血虚阴亏证,0.9952501597406006,阴血亏虚证
血脱证,亡血证,0.8999395797955514,亡血证
血虚夹实证,血虚兼夹证,0.957327861394918,血虚兼夹证
血虚外感证,血虚邪恋证,0.9425423482334423,血虚感冒证
血虚风扰证,血虚风袭证,0.976779960667715,血虚风袭证
血虚肤燥生风证,血虚风燥证,0.927287958535428,血虚风燥证
血虚生风证,血虚动风证,0.9682809760061032,血虚动风证
血虚风动证,血虚动风证,0.9924309548843439,血虚动风证
血虚发热证,血轮虚热证,0.9610392956446477,血虚内热证
血虚痰阻证,血虚挟痰证,0.9702369075512409,血虚挟痰证
血虚血瘀证,血虚挟瘀证,0.9683941714637444,血虚挟瘀证
血虚瘀阻证,血虚挟瘀证,0.9709533669473952,血虚挟瘀证
血虚毒滞证,血虚毒恋证,0.9532938080012163,血虚毒恋证
瘀血内阻证,瘀血内结证,0.9686654415963096,瘀血内结证
瘀结证,瘀滞证,0.9428370750600945,瘀血内结证
血瘀络阻证,瘀血阻络证,0.9878933284315679,血瘀络滞证
血瘀积结证,血瘀成积证,0.9717355835705012,血瘀成积证
瘀血内积证,瘀血内结证,0.9739055984854827,血瘀成积证
瘀血留积证,血瘀成积证,0.963004201487484,血瘀成积证
血瘀痰凝证,血瘀痰滞证,0.9798387885202463,血瘀痰滞证
瘀血化热证,血瘀化热证,0.9835474863175143,血瘀化热证
血瘀化火证,血瘀化热证,0.9414090857328141,血瘀化热证
阴毒外发证,阴毒证,0.9496852973232542,阴寒疫毒证
阴毒凝聚证,阴毒凝结证,0.9846953507596804,阴毒凝结证
阴液不足证,阴液亏脱证,0.9450449505864618,阴液亏虚证
阴虚液亏证,阴液亏虚证,0.9901572192836507,阴液亏虚证
阴津不足证,阴津亏虚证,0.9569492311641469,阴津亏虚证
阴虚津亏证,阴津亏虚证,0.9920529094909385,阴津亏虚证
阴液乏竭证,阴液涸竭证,0.9662154928644306,阴液涸竭证
伤阴证,阴伤证,0.9770894696031392,阴伤证
阴精不足证,阴精亏虚证,0.9440296288517651,阴虚精亏证
真阴不足证,真阴亏虚证,0.9315586077983697,真阴亏虚证
真阴衰竭证,真阴亏虚证,0.9222048812283871,亡阴证
阴脱证,亡阴证,0.915588505062762,亡阴证
阴虚夹实证,阴虚兼夹证,0.9579475641534239,阴虚兼夹证
阴虚外感证,阴虚证,0.9437546674324091,阴虚感冒证
阴虚内热证,阴虚热盛证,0.9766473934845427,阴虚热盛证
阴虚郁热证,阴虚热郁证,0.9975226315564272,阴虚热郁证
阴虚湿困证,阴虚湿阻证,0.9705717342743316,阴虚湿阻证
阴虚痰结证,阴虚痰阻证,0.9779310502062415,阴虚痰阻证
阴虚痰湿证,阴虚痰阻证,0.9274671782890039,阴虚痰阻证
阴虚痰浊证,阴虚痰阻证,0.9691664272589218,阴虚痰阻证
阴虚痰火证,阴虚痰热证,0.9649144897379434,阴虚痰热证
阴虚毒滞证,阴虚毒盛证,0.9670404111391386,阴虚毒恋证
阴虚邪恋证,阴虚兼夹证,0.910905899034668,阴虚毒恋证
阴虚邪留证,阴虚兼夹证,0.9280193766793808,阴虚毒恋证
阴虚火毒证,阴虚热毒证,0.9722408066051497,阴虚热毒证
阴虚瘀热证,阴虚血热证,0.9029808860465942,阴虚血瘀证
阴虚火动证,阴虚火旺证,0.9767308226525231,阴虚火旺证
阴虚火浮证,阴虚火旺证,0.9661069671117205,阴虚火旺证
阴虚风动证,阴虚动风证,0.9930976388437276,阴虚动风证
阴虚肝风内动证,肝阴虚动风证,0.9762110196046064,阴虚动风证
虚风内动证,风阳内动证,0.7713685912226417,阴虚动风证
阴阳两亏证,阴阳两虚证,0.9845525035047051,阴阳两虚证
阴损阳亏证,阴损及阳证,0.961377247305452,阴阳两虚证
阴盛阳衰证,阴盛阳虚证,0.9790797643952388,阴盛阳虚证
阳毒外发证,阳毒证,0.9381595867760085,阳毒证
阳虚证类,阳虚证,0.9755825006338056,阳虚证
阳虚寒盛证,阳虚寒厥证,0.9731873425736168,阳虚内寒证
伤阳证,阳伤证,0.9854451831828153,阳伤证
清气不升证,气证类,0.7085928021596071,清阳不升证
虚阳上浮证,虚阳外越证,0.8922948262491674,虚阳外越证
虚阳浮越证,虚阳外越证,0.9440338125416714,虚阳外越证
阳气欲脱证,阳气不足证,0.8870434448935038,元阳欲脱证
阳虚欲脱证,阳虚证,0.9053356777967455,元阳欲脱证
阳脱证,元阳欲脱证,0.8892740031153871,亡阳证
阳气暴脱证,元阳欲脱证,0.8582985123164106,亡阳证
元阳虚脱证,元阳亏虚证,0.9434949314061004,亡阳证
元阳外脱证,元阳欲脱证,0.9528833342435917,亡阳证
阳虚夹实证,阳虚兼夹证,0.952536660163285,阳虚兼夹证
阳虚外感证,阳虚证,0.9339117326058484,阳虚感冒证
阳虚感寒证,阳虚寒厥证,0.9702558205073698,阳虚感冒证
阳虚湿困证,阳虚湿阻证,0.9646720781170309,阳虚湿阻证
阳虚痰阻证,阳虚痰凝证,0.9639124162956421,阳虚痰凝证
阳虚水停证,阳虚水泛证,0.9724369346692023,阳虚水泛证
阳虚毒滞证,阳虚毒恋证,0.9549022449362342,阳虚毒恋证
精髓不足证,精髓亏虚证,0.9459887704761968,精髓亏虚证
精亏髓减证,精髓亏虚证,0.9582915971914255,精髓亏虚证
精枯髓涸证,精髓亏虚证,0.8457580766856342,精髓亏虚证
精气不足证,气不摄精证,0.9437598322639028,精气亏虚证
精虚气弱证,精气亏虚证,0.9780079819845282,精气亏虚证
精亏气虚证,精气亏虚证,0.9925665002171665,精气亏虚证
精血不足证,精血亏虚证,0.9582352063674755,精血亏虚证
精亏血弱证,精血亏虚证,0.9781294893317254,精血亏虚证
精虚血少证,精血亏虚证,0.9714333780880037,精血亏虚证
脑髓失养证,髓亏证,0.6813085154193823,髓海不足证
肝肾亏虚髓枯筋痿证,肾虚髓亏证,0.8634984460457429,髓枯筋痿证
津液亏损证,津液亏虚证,0.9706509637667745,津液亏虚证
津亏证,津亏兼夹证,0.9139597261374447,津液不足证
津液亏耗证,津液亏虚证,0.9704883039730514,津液亏涸证
津液干枯证,津液亏涸证,0.941071585211416,津液亏涸证
液伤证,液亏证,0.8170882736398472,液亏证
津伤燥热证,温燥伤津证,0.9355327239727826,津伤化燥证
液干热结证,津液证类,0.7071250515136402,津亏热结证
液亏肠结证,大肠虚证,0.7562178938341679,津枯肠结证
寒滞心脉证,寒凝心脉证,0.9633406634138507,寒凝心脉证
心火亢盛证,心火炽盛证,0.9686704845550681,心火炽盛证
心经火盛证,心火炽盛证,0.9285303940812907,心火炽盛证
心火偏亢证,心火炽盛证,0.9238258504272845,心火上炎证
心气亏虚证,心气虚衰证,0.97365818878734,心气虚证
心气虚弱证,心气虚衰证,0.9790724650370598,心气虚证
心血亏虚证,心血虚证,0.9843643827959664,心血虚证
心虚血少证,心血虚证,0.9711698002119805,心血虚证
心阴亏虚证,心阴虚证,0.9813096318171568,心阴虚证
心营过耗证,心营耗损证,0.9344375022610505,心营亏虚证
心阴虚阳亢证,心阴阳两虚证,0.9377607770614537,心阴虚火旺证
心阳气虚证,心阳虚证,0.9680320716126034,心阳虚证
心阳亏虚证,心阳虚衰证,0.9813053175680527,心阳虚证
心阳不振证,心阳不足证,0.9280156715090339,心阳不足证
心阳欲脱证,心阳暴脱证,0.9487964760633549,心阳暴脱证
心神不安证,心神不宁证,0.9587378093842241,心神不宁证
心神散乱证,心神惑乱证,0.9221972495644165,心神惑乱证
火热扰心证,心火炽盛证,0.9395367025722253,火扰心神证
浊毒闭窍证,浊毒闭神证,0.814376794117791,浊毒闭神证
心血瘀痹证,心血瘀滞证,0.9293006609280342,心血瘀阻证
心脉瘀阻证,瘀阻心脉证,0.9928909158285142,心血瘀阻证
心脉痹阻证,瘀阻心脉证,0.8488040399682044,心血瘀阻证
气滞心脉证,心脉气滞证,0.9896062536400163,心脉气滞证
心经实火证,虚火扰心证,0.8610949169310095,心经积热证
小肠气痛证,小肠气滞证,0.884275703477234,小肠气滞证
肝火亢盛证,肝火炽盛证,0.9786028182934762,肝火炽盛证
肝火旺盛证,肝火炽盛证,0.9831503905829512,肝火炽盛证
肝火上扰证,肝火炽盛证,0.9562822904443363,肝火上炎证
肝热上扰证,肝郁化热证,0.9475703630284953,肝火上炎证
肝火上扰清窍证,肝郁化火证,0.8763619265664898,肝火上炎证
肝火湿热上攻证,肝火湿热证,0.9819873018450633,肝火湿热证
肝气亏虚证,肝气虚证,0.9760484774733996,肝气虚证
肝血亏虚证,肝血虚证,0.9841816381148476,肝血虚证
肝阴亏虚证,肝阴虚证,0.9856196617155806,肝阴虚证
阴虚肝旺证,肝阴虚证,0.9762773265955033,肝阴虚阳亢证
肝虚寒证,肝寒证,0.9039986372683334,肝阳虚证
肝阳亏虚证,肝阳虚证,0.9818459240335661,肝阳虚证
血虚肝瘀证,肝虚血瘀证,0.9924068162833712,肝虚血瘀证
肝气逆证,肝郁气逆证,0.9751851442689632,肝郁气逆证
肝气上逆证,肝郁气逆证,0.9602903075891901,肝郁气逆证
肝郁不舒证,肝郁证,0.928248500269095,肝郁气滞证
肝气郁滞证,肝郁气滞证,0.9909331747365463,肝郁气滞证
肝瘀气滞证,肝胃气滞血瘀证,0.9009179175191456,肝郁气滞证
肝气化火证,肝郁化火证,0.9686314661106149,肝郁化火证
痰热郁肝证,肝郁痰热证,0.9890812534726691,肝郁痰热证
肝滞湿热证,肝郁湿热证,0.9674125961569408,肝郁湿热证
血虚肝郁证,肝郁血虚证,0.9891789887646267,肝郁血虚证
阴虚肝郁证,肝郁阴虚证,0.9912123741518801,肝郁阴虚证
肝阳上扰证,肝阳上亢证,0.9398841980769828,肝阳上亢证
肝阳亢盛证,肝阳暴亢证,0.9779366058532203,肝阳上亢证
肝阳上亢痰邪阻窍证,肝阳挟痰上扰证,0.9499908837618175,肝阳挟痰上扰证
肝风证,肝风内动证,0.9358360278562339,肝风内动证
热动肝风证,肝热动风证,0.9912330984175852,肝热动风证
肝阳风痰证,肝阳挟痰上扰证,0.8996302321127686,肝风痰浊证
肝瘀证,肝瘀实证,0.9500789605072288,肝血瘀阻证
肝经血瘀证,肝血瘀阻证,0.9576671283469803,肝血瘀阻证
肝血瘀滞证,肝血瘀阻证,0.9854814907749742,肝血瘀阻证
肝瘀痰阻证,肝瘀痰结证,0.9788048948154521,肝瘀痰结证
肝经积热证,肝经郁热证,0.9605524618975074,肝经郁热证
肝经热盛证,肝经郁热证,0.966500646359919,肝经火旺证
肝经火盛证,肝经火旺证,0.9811248829435311,肝经火旺证
肝经湿毒证,肝经湿热证,0.8990246045025053,肝经湿热证
肝络凝瘀证,肝络瘀阻证,0.9540757321614007,肝络瘀阻证
瘀滞肝络证,肝络瘀阻证,0.976588696803385,肝络瘀阻证
胆经实热证,胆经郁热证,0.9335100911942426,胆经郁热证
胆经痰火证,胆热痰扰证,0.9213519383244329,胆热痰扰证
胆经虚冷证,胆虚寒证,0.9401288198503704,胆虚寒证
胆虚冷证,胆虚寒证,0.9770720464980504,胆虚寒证
胆气亏虚证,胆气虚证,0.9795102713411105,胆气虚证
胆虚气怯证,胆气虚证,0.9354932508292132,胆气虚证
虫扰胆腑证,胆腑虫扰证,0.9787645744629848,胆腑虫扰证
脾气亏虚证,脾气虚证,0.9853098063250951,脾气虚证
脾虚不运证,脾虚失运证,0.9882043817020763,脾虚失运证
脾虚中衰证,脾虚不摄证,0.9602792452382978,脾气不升证
脾不摄血证,脾不统血证,0.9666621348746299,脾不统血证
脾气不固证,脾气不足证,0.9604055949876683,脾虚不固证
脾阴亏虚证,脾阴虚证,0.9910020937512152,脾阴虚证
脾燥证,脾虚火旺证,0.8639234947536867,脾阴虚证
脾阳亏虚证,脾阳虚证,0.9908342125939341,脾阳虚证
脾虚寒证,脾寒证,0.9561385157320071,脾阳虚证
脾虚夹食证,脾虚食积证,0.9750296880011767,脾虚食积证
脾虚湿泛证,脾虚湿阻证,0.9764636268693391,脾虚湿阻证
脾虚湿蕴肌肤证,脾虚湿蕴证,0.9178701821654731,脾虚湿蕴证
脾虚湿盛证,脾虚湿蕴证,0.9804124393908981,脾虚湿困证
脾虚湿滞证,脾虚湿阻证,0.9904281838555882,脾虚湿困证
脾虚痰浊证,脾虚痰盛证,0.9755316843772026,脾虚痰盛证
脾虚水停证,脾虚水泛证,0.9821210031002292,脾虚水泛证
脾虚水困证,脾虚水泛证,0.9756887919789338,脾虚水泛证
脾阳虚水停证,脾阳虚水泛证,0.98839309400334,脾阳虚水泛证
脾虚生风证,脾虚动风证,0.9795436274524778,脾虚动风证
虫积伤脾证,脾虚虫积证,0.9340105307098535,脾虚虫积证
脾运不健证,脾失健运证,0.9798579023111127,脾失健运证
脾气郁滞证,脾气郁结证,0.9728108534491476,脾气郁结证
中寒虫扰证,胃寒虫扰证,0.7757194940375323,胃寒虫扰证
胃热壅盛证,胃热炽盛证,0.9414456779611493,胃热炽盛证
胃中积热证,胃热兼夹证,0.9283200636436417,胃热炽盛证
胃火气逆证,胃火上逆证,0.9671190236093394,胃热气逆证
胃热上蒸证,胃热熏蒸证,0.9659328418217952,胃热熏蒸证
胃火证,胃火炽盛证,0.9429762098386892,胃火炽盛证
胃热津亏证,胃热津伤证,0.9628055908868389,胃热津伤证
胃热伤阴证,胃热灼阴证,0.9427208343528654,胃热灼阴证
胃气亏证,胃气虚证,0.9767718675610906,胃气虚证
胃气亏虚证,胃气虚证,0.973691031559405,胃气虚证
胃气阴两亏证,胃气阴两虚证,0.9862299088352606,胃气阴两虚证
胃气虚败证,胃气虚证,0.9774465295213204,胃气衰败证
胃阴不足证,胃阴虚证,0.9579884965824226,胃阴虚证
胃阴亏虚证,胃阴虚证,0.9846461567514633,胃阴虚证
胃燥津亏证,胃燥津伤证,0.9727884131194591,胃燥津伤证
胃阳亏虚证,胃阳虚证,0.9835243520950386,胃阳虚证
胃虚寒证,胃寒证,0.93679477840556,胃阳虚证
食停胃脘证,食滞胃脘证,0.9697609985975524,食滞胃脘证
胃腑不和证,胃气不和证,0.8515755259913281,胃气不和证
胃气失和证,胃气不和证,0.985037114145659,胃气不和证
肺中寒气证,肺中寒证,0.9744909287126488,肺中寒证
寒邪闭肺证,寒邪犯肺证,0.9549193342451369,肺中寒证
大寒犯肺证,寒邪犯肺证,0.9562171193220289,肺中寒证
肺热犯鼻证,肺热熏鼻证,0.9687054167822859,肺热熏鼻证
肺实热证,肺热证,0.950043873630349,肺热炽盛证
肺热亢盛证,肺热炽盛证,0.9792489949209664,肺热炽盛证
肺热壅盛证,肺热气壅证,0.9633647501939093,肺热炽盛证
肺火证,肺热证,0.9347188063080796,肺热炽盛证
热饮阻肺证,肺热饮停证,0.945496596547429,肺热饮停证
阴虚肺热证,肺热阴虚证,0.9873533672839703,肺热阴虚证
肺热瘀滞证,痰热瘀肺证,0.8872486881396877,肺热血瘀证
肺脏亏虚证,肺虚证,0.8997852662554552,肺虚证
肺气亏虚证,肺气虚证,0.9719008968096996,肺气虚证
肺虚表疏证,肺虚证,0.908167918748103,肺卫气虚证
肺卫不固证,邪在肺卫证,0.8734485565785672,肺卫气虚证
肺气虚冷证,肺气虚寒证,0.9813252527905861,肺气虚寒证
肺阴亏虚证,肺阴虚证,0.9832769529256479,肺阴虚证
肺虚热证,肺经虚热证,0.9497270842121187,肺阴虚证
肺阴亏耗证,肺阴耗伤证,0.9732245340289296,肺阴耗伤证
肺阴伤证,肺阴耗伤证,0.9616459007503201,肺阴耗伤证
肺阳亏虚证,肺阳虚证,0.9816758570518515,肺阳虚证
肺虚寒证,肺虚感寒证,0.9860565172982888,肺阳虚证
肺虚邪滞证,肺虚邪恋证,0.9480583423994596,肺虚邪恋证
邪实壅肺证,肺气盛实证,0.8970094556410922,肺实证
肺虚燥证,肺燥虚证,0.9968238849754818,肺燥虚证
肺燥津亏证,肺燥津伤证,0.9736904630527278,肺燥津伤证
阴虚肺燥证,肺燥阴虚证,0.9911853149013502,肺燥阴虚证
肺燥化热证,燥热伤肺证,0.9601791879092229,肺燥郁热证
肺经郁热证,肺经热盛证,0.9566235475084873,肺经郁火证
肺经蕴热证,肺经热盛证,0.9581577429089326,肺经热盛证
湿热郁肺证,肺经湿热证,0.9389087604353369,肺经湿热证
肺经虚火证,肺经虚热证,0.9533856356476909,肺经虚热证
肺络不畅证,肺络瘀阻证,0.8231830950534762,肺络瘀阻证
大肠气虚证,大肠虚证,0.9385324653485693,大肠虚证
大肠虚冷证,大肠虚寒证,0.9770594977666675,大肠虚寒证
肠道津伤证,大肠津亏证,0.9324908472643567,大肠津亏证
肠道津亏证,大肠津亏证,0.9582252742025799,大肠津亏证
肠燥津伤证,大肠津亏证,0.9044062622902095,大肠津亏证
津伤肠燥证,大肠津亏证,0.8956124223074752,大肠津亏证
肠燥津亏证,大肠津亏证,0.921087354740975,大肠津亏证
肠道腑实证,大肠实证,0.948494349582521,大肠实证
寒湿泄泻证,寒湿阻滞证,0.8554732725442115,肠道寒湿证
大肠实热证,小肠实热证,0.9614798606363949,肠道实热证
肠道热结证,大肠热结证,0.9694882214288386,大肠热结证
肠道湿热证,大肠湿热证,0.9718604699821716,大肠湿热证
风伤肠络证,肠风伤络证,0.9759691097776652,肠风伤络证
肾中寒气证,肾中寒证,0.9713491140700514,肾中寒证
肾气亏虚证,肾气虚证,0.991680387031458,肾气虚证
肾元不足证,肾元亏虚证,0.9504558016369179,肾元亏虚证
肾气不固证,肾气不充证,0.9661456163192511,肾虚不固证
肾失摄纳证,肾不纳气证,0.9043603529034671,肾虚不固证
肾气不摄证,肾气不足证,0.9693132255102205,肾虚不固证
肾气失纳证,肾不纳气证,0.9785933213423855,肾不纳气证
阴虚肾亏证,肾阴虚证,0.9847899108483066,肾阴虚证
肾阴亏虚证,肾阴虚证,0.9910812585708305,肾阴虚证
肾阴虚热证,热伤肾阴证,0.9657530739023881,肾阴虚证
肾阴虚损证,肾阴虚证,0.9883494620176912,肾阴虚证
肾阴虚内热证,热伤肾阴证,0.9581742681962675,肾阴虚火旺证
肾虚内热证,肾热证,0.9429782438774196,肾阴虚火旺证
肾虚火旺证,肾阴虚火旺证,0.9592293837567468,肾阴虚火旺证
相火偏旺证,君相火旺证,0.9162884781259544,肾阴虚火旺证
肾阳亏虚证,肾阳虚证,0.991018631035466,肾阳虚证
肾阳虚损证,肾阳虚证,0.986124651658224,肾阳虚证
肾虚寒证,肾虚中寒证,0.9771333589909159,肾阳虚证
肾阳衰惫证,肾阳虚衰证,0.9843615669042152,肾阳虚衰证
肾阳衰微证,肾阳虚衰证,0.9751311154618134,肾阳虚衰证
肾精不足证,肾精亏虚证,0.9612606853965776,肾精亏虚证
肾精亏损证,肾精亏虚证,0.9855813159130464,肾精亏虚证
肾虚精亏证,肾精亏虚证,0.9917646067743742,肾精亏虚证
肾精亏耗证,肾精亏虚证,0.9851059118900631,肾精亏虚证
肾虚髓减证,肾虚髓亏证,0.9818038390468901,肾虚髓亏证
肾脏积冷证,肾虚积冷证,0.9398198219241333,肾虚积冷证
肾经寒湿证,寒湿伤肾证,0.9431960957101749,肾虚寒湿证
肾虚水停证,肾虚水泛证,0.9818869089991105,肾虚水泛证
肾气虚水停证,肾气虚水泛证,0.9893467311375677,肾气虚水泛证
肾阳虚水停证,肾阳虚水泛证,0.9898045920891406,肾阳虚水泛证
肾元亏虚邪毒停聚证,肾虚毒蕴证,0.9169896439112454,肾虚毒聚犯耳证
肾经脓毒证,脓毒蕴肾证,0.9433064359808903,脓毒蕴肾证
湿热蕴肾证,肾虚湿热证,0.9402190919666584,肾经湿热证
膀胱虚冷证,膀胱虚寒证,0.978548080390414,膀胱虚寒证
膀胱实热证,膀胱蕴热证,0.95260853397531,膀胱蕴热证
热迫膀胱证,膀胱蕴热证,0.9411950450527328,膀胱蕴热证
热结膀胱证,膀胱蕴热证,0.9451561259239323,膀胱蕴热证
热积膀胱证,膀胱蕴热证,0.9731989121021853,膀胱蕴热证
膀胱血瘀证,膀胱蓄血证,0.9211926083151883,膀胱蓄血证
心移热于小肠证,心移热小肠证,0.9827274126116397,心移热小肠证
心火下移小肠证,心移热小肠证,0.9156802055176048,心移热小肠证
心肺热盛证,心肺郁热证,0.9650638068063081,心肺实热证
热炽心肺证,心肺郁热证,0.9440384701367304,心肺实热证
心肺火旺证,心肺郁热证,0.916252219957563,心肺实热证
心脾积热证,心脾实热证,0.9553148144947701,心脾实热证
心脾火积证,心脾实热证,0.9101755352564661,心脾火毒证
心脾火炽证,心脾实热证,0.9118749262089403,心脾火毒证
心脾火郁证,心脾实热证,0.9111846350508349,心脾火毒证
心脾亏虚证,心脾两虚证,0.9702936882527298,心脾两虚证
心脾受损证,心脾兼证,0.9337833983910436,劳伤心脾证
心脾劳伤证,劳伤心脾证,0.9793105521997242,劳伤心脾证
心脾气血虚证,心脾气血两虚证,0.986390253030454,心脾气血两虚证
心脾虚寒证,心脾阳虚证,0.9163420574849682,心脾阳虚证
心肝积热证,心肝热炽证,0.9653493763170393,心肝热炽证
心肝热盛证,心肝热炽证,0.9824222134482249,心肝热炽证
心肝气血亏虚证,心肝气血两虚证,0.9755168914998971,心肝气血两虚证
心胆虚怯证,心虚胆怯证,0.9760315825197329,心虚胆怯证
心肾阴虚阳亢证,心肾阴阳两虚证,0.9657779967272063,心肾不交证
心肾阴虚火旺证,肾阴虚火旺证,0.9426852098884237,心肾不交证
心肾亏虚证,心肾两虚证,0.9743447044390742,心肾两虚证
心肾虚热证,心肾火热证,0.9027891819377795,心肾阴虚证
心肾虚寒证,心肾阳虚证,0.9137324078302017,心肾阳虚证
心肾阴阳亏虚证,心肾阴阳两虚证,0.9854287084073546,心肾阴阳两虚证
肝胆郁结证,肝胆气滞证,0.9342337108768103,肝胆气滞证
肝胆瘀阻证,肝胆瘀滞证,0.9890767883957529,肝胆瘀滞证
肝胆火旺证,肝胆火炽证,0.9806799453655264,肝胆火热证
肝胆火盛证,肝胆火炽证,0.9885030907938421,肝胆火热证
肝郁胆热证,肝胆郁热证,0.9884993215103518,肝胆郁热证
肝胆火盛邪热外侵证,肝胆火热证,0.9427719295706788,肝胆火盛犯耳证
肝胆火炽风火攻目证,肝胆风火攻目证,0.9687859815100978,肝胆风火攻目证
木叩金鸣证,耳鸣如雷,0.4958926567297596,肝气犯肺证
木火刑金证,君相火旺证,0.7878496417670879,肝火犯肺证
肝肺实热证,肝肺热盛证,0.972287866325538,肝肺热盛证
肝肺实火证,肝火犯肺证,0.9636133089042279,肝肺热盛证
肝脾不和证,肝脾不调证,0.9707515521337327,肝脾不调证
肝木侮土证,肝郁火旺证,0.7872944833348481,肝旺脾虚证
肝气乘脾证,肝脾气滞证,0.9694835400894296,肝旺脾虚证
脾虚肝旺证,肝旺脾虚证,0.9932423550777897,肝旺脾虚证
肝旺脾困证,肝旺脾虚证,0.9621025157868481,肝旺脾虚证
肝气犯脾证,肝脾气滞证,0.958934630880882,肝旺脾虚证
肝热刑脾证,肝热脾虚证,0.9160001118270689,肝热脾虚证
脾虚肝热证,肝热脾虚证,0.9926236796391162,肝热脾虚证
肝脾瘀滞证,肝脾血瘀证,0.9401781837237142,肝脾血瘀证
肝脾不足证,肝脾两虚证,0.9571445491103151,肝脾两虚证
肝脾亏虚证,肝脾两虚证,0.9703665596500829,肝脾两虚证
肝脾两亏证,肝脾两虚证,0.9824011271121781,肝脾两虚证
肝胃不调证,肝胃不和证,0.961515750877496,肝胃不和证
肝木犯胃证,肝气犯胃证,0.9012813909092959,肝气犯胃证
肝胃阴虚气滞证,肝胃气滞阴虚证,0.9920825110629841,肝胃气滞阴虚证
肝胃积热证,肝胃热盛证,0.9792284016772832,肝胃热盛证
肝胃瘀滞证,肝胃血瘀证,0.9203664392632259,肝胃气滞血瘀证
肝肾两亏证,肝肾两虚证,0.9901559639042119,肝肾亏虚证
肝肾亏损证,肝肾亏虚证,0.9820811810150074,肝肾亏虚证
肝肾阴亏证,肝肾阴虚证,0.9927419434783713,肝肾阴虚证
肝肾虚火证,肝肾阴虚阳亢证,0.9192947327031702,肝肾阴虚证
肝肾虚阳偏亢证,肝肾阴虚阳亢证,0.9624504292816063,肝肾阴虚阳亢证
水不涵木证,命门水亏证,0.7453548711385177,肝肾阴虚阳亢证
肾虚肝旺证,肝肾亏虚证,0.9644975607027514,肝肾阴虚阳亢证
肾虚肝亢证,肝郁肾虚证,0.9615116144044024,肝肾阴虚阳亢证
脾胃气滞证,脾胃气虚证,0.9433690703012427,脾胃不和证
中焦不和证,中焦证类,0.9002103516640705,脾胃不和证
脾胃热盛证,脾胃伏热证,0.9829843098123396,脾胃实热证
胃热燔脾证,胃热滞脾证,0.9754569528498448,胃热滞脾证
脾胃伏火证,脾胃伏热证,0.9583410878724515,脾胃伏热证
脾胃虚弱证,脾胃虚证,0.983506268655658,脾胃虚证
脾胃亏虚证,脾胃虚证,0.980989148557322,脾胃虚证
脾胃气弱证,脾胃气虚证,0.9809894831835083,脾胃气虚证
脾胃气阴两亏证,脾胃气阴两虚证,0.9926598983591268,脾胃气阴两虚证
脾胃虚热证,胃热脾虚证,0.9892818535845278,脾胃阴虚证
脾胃虚寒证,脾胃阳虚证,0.9249503538161254,脾胃阳虚证
中焦虚寒证,三焦虚寒证,0.9536128233295103,脾胃阳虚证
脾胃虚寒气滞证,脾胃阳虚气滞证,0.9342170270339176,脾胃阳虚气滞证
中焦虚寒气滞证,三焦虚寒证,0.9083784833969198,脾胃阳虚气滞证
土不生金证,命门火衰证,0.692615049028472,脾肺两虚证
气滞胃肠证,胃肠气滞证,0.9916987425963439,胃肠气滞证
胃肠湿热证,肠胃湿热证,0.9862111823848702,肠胃湿热证
瘀滞胃肠证,胃肠瘀滞证,0.9891791585755466,胃肠瘀滞证
肠胃瘀滞证,胃肠瘀滞证,0.9808187432929676,胃肠瘀滞证
脾肾不足证,脾肾不固证,0.9724841505385423,脾肾两虚证
脾肾两亏证,脾肾两虚证,0.9921335247000223,脾肾两虚证
脾肾虚弱证,脾肾虚衰证,0.9929459316460391,脾肾亏虚证
脾肾气虚不固证,脾肾气虚证,0.9816653870215815,脾肾不固证
脾肾气虚下陷证,脾肾气虚证,0.9735147548221622,脾肾不固证
脾肾虚寒证,脾肾亏虚证,0.9431200049157099,脾肾阳虚证
肺热下移证,热入肺卫证,0.932027083890574,肺热移肠证
肺胃积热证,肺胃蕴热证,0.9796458281788668,肺胃蕴热证
肺胃津伤证,肺胃阴伤证,0.8894859338202556,肺胃阴伤证
肺胃津亏证,肺胃阴伤证,0.8814404637768277,肺胃阴伤证
水寒射肺证,寒饮射肺证,0.8411414229075803,肺肾阳虚证
心肾阳虚水泛证,肾阳虚水泛证,0.9251561731439891,肾水凌心证
君相火动证,君相火旺证,0.9321772698945905,君相火旺证
风热外袭白睛证,风热犯目证,0.8530364910238682,气轮风热证
湿热郁结白睛证,湿热蕴肤证,0.762976618821195,气轮湿热证
白睛血瘀证,瘀血灌睛证,0.8757345622301724,气轮血瘀证
胞睑风热外袭证,风热蕴肤证,0.8188119943610438,肉轮风热证
风热客睑证,风热蕴肤证,0.8482023426725143,肉轮风热证
胞睑湿热侵淫证,湿热浸淫证,0.8521424000638311,肉轮湿热证
水轮实火证,实火证,0.8243376894175558,水轮实热证
水轮络痹精亏证,水轮精亏络痹证,0.9820402964218392,水轮精亏络痹证
水轮阴亏证,水轮阴虚证,0.9745671622017829,水轮阴虚证
感伤健目证,感伤健眼证,0.9623739952254079,感伤健眼证
血痹阻声带证,瘀阻声带证,0.8840436176060308,瘀阻声带证
湿热蒸唇证,湿热蒸舌证,0.8736662893446888,湿热蒸口证
火毒攻唇证,毒火攻唇证,0.9930851307111014,毒火攻唇证
虚火灼唇证,虚火灼龈证,0.8892032753083279,虚火灼口证
胃火燔齿证,胃火燔龈证,0.9249095830338993,胃火燔龈证
血虚龈肉失养证,血虚齿龈失养证,0.9053990167192825,血虚齿龈失养证
血虚齿槽失养证,血虚齿龈失养证,0.9591037534331248,血虚齿龈失养证
阴虚齿龈证,阴虚齿龈失养证,0.9660694821999176,阴虚齿龈失养证
乳络阻滞证,乳络壅阻证,0.960747400595659,乳络壅阻证
湿热阻滞精室证,精室湿热证,0.9472325930652205,精室湿热证
寒凝胞宫证,胞宫寒凝证,0.9816684180843935,胞宫寒凝证
寒凝胞中证,寒凝冲任证,0.8592439025794945,胞宫寒凝证
寒凝胞中,寒凝冲任证,0.7344617128677149,胞宫寒凝证
胞宫阳虚证,胞宫虚寒证,0.8466118923398176,胞宫虚寒证
痰凝胞宫证,胞宫痰湿阻滞证,0.8915260096868148,胞宫痰湿阻滞证
痰阻胞宫证,胞宫痰湿阻滞证,0.9129619835735917,胞宫痰湿阻滞证
胞宫郁热证,胞宫血热证,0.8146163508775768,胞宫血热证
胞宫积热证,胞宫血热证,0.8221799147622735,胞宫血热证
瘀滞胞宫证,胞宫瘀阻证,0.9654398637341279,胞宫瘀阻证
瘀阻胞宫证,胞宫瘀阻证,0.982140339049657,胞宫瘀阻证
经络气滞证,络气不和证,0.866098339575397,经气不利证
经气阻滞证,气机阻滞证,0.8773855947646775,经气不利证
寒滞经络证,寒滞经脉证,0.9654837064935385,寒滞经脉证
经络瘀滞证,瘀阻经络证,0.9783446907218846,经脉瘀阻证
经络瘀阻证,瘀阻经络证,0.99012891030283,经脉瘀阻证
邪犯督脉证,督脉邪实证,0.878125238504208,督脉邪实证
督脉亏虚证,督脉虚损证,0.9806753722008562,督脉虚损证
督脉空虚证,督脉虚损证,0.9378381677806797,督脉虚损证
任脉虚衰证,任脉虚损证,0.9664803213273417,任脉虚损证
冲脉虚衰证,冲脉虚损证,0.9679145249097315,冲脉虚损证
冲气上逆证,冲脉气逆证,0.8674069309705417,冲脉气逆证
维脉虚衰证,维脉虚损证,0.9693669530552722,维脉虚损证
带脉失约证,带脉不固证,0.9363244695534025,带脉不固证
阴跷脉证,阴蹻脉证,0.8771287868724306,阴蹻脉证
阳跷脉证,阳蹻脉证,0.9238325883268466,阳蹻脉证
冲任不调证,冲任失调证,0.9675043893356716,冲任失调证
冲任瘀滞证,冲任瘀阻证,0.984376337950005,冲任瘀阻证
瘀阻冲任证,冲任瘀阻证,0.95956807006628,冲任瘀阻证
瘀滞冲任证,冲任瘀阻证,0.9518406464214753,冲任瘀阻证
络脉瘀滞证,络脉瘀阻证,0.9906648314532431,络脉瘀阻证
经络伤证,经脉证,0.8631702551891113,络脉破损证
血脉损伤证,外伤血瘀证,0.8283050815931207,络脉破损证
伤络便血证,络伤便血证,0.9959324615003083,络伤便血证
太阳病证,太阳证类,0.9422199385816776,太阳证类
太阳寒证,太阳伤寒证,0.9632584142560828,太阳伤寒证
太阳热痞证,太阳痞证,0.8508486290508623,太阳痞证
阳明气热证,阳明证类,0.8001050306037951,阳明经证
阳明热证,阳暑证,0.8339516351739061,阳明经证
阳明热盛证,阳暑证,0.8099927671641959,阳明经证
阳明燥结证,寒燥伤阳证,0.7430601095383438,阳明腑实证
阳明腑证,阳明腑实证,0.9528618688378615,阳明腑实证
阳明热结证,阳暑证,0.797418837494646,阳明腑实证
阳明实证,阳明腑实证,0.9424838870721431,阳明腑实证
少阳病证,少阳证类,0.9492176687006321,少阳证类
邪犯少阳证,邪入少阳证,0.9651240360605763,邪入少阳证
半表半里证,表里俱实证,0.8019754186546056,邪入少阳证
热在少阳证,少阳证类,0.8251240130979386,邪在少阳证
热郁少阳证,邪郁少阳证,0.8167380040590061,邪郁少阳证
热伏少阳证,少阳证类,0.8484234872758203,邪郁少阳证
太阴病证,太阴证类,0.9464736143586161,太阴证类
太阴腹痛证,太阴头痛证,0.7682118629965894,太阴寒湿证
少阴病证,少阴证类,0.9194828566828032,少阴证类
厥阴病证,厥阴证类,0.9482140365698317,厥阴证类
伤寒阴厥证,厥阴寒证,0.9120660139404585,厥阴寒证
厥阴厥证,厥阴证类,0.9599242873548984,厥阴寒证
两感伤寒证,寒邪外感证,0.8794898001148472,两感证类
太少两感证,两感证类,0.748018246183033,太阳少阴两感证
三焦积热证,三焦实热证,0.930051854827553,三焦实热证
湿热弥漫三焦证,三焦湿热证,0.9416386340480036,三焦湿热证
三焦壅滞证,三焦壅塞证,0.9610466641508163,三焦壅塞证
中焦实热证,三焦实热证,0.9498188770721476,中焦温热证
中焦积热证,下焦热盛证,0.9295966932350442,中焦温热证
湿热蕴结下焦证,下焦湿热证,0.9532055845172606,下焦湿热证
下焦虚寒证,下焦虚冷证,0.9724661263645343,下焦虚冷证
下元虚冷证,虚寒证,0.8816934353893771,下焦虚冷证
下元虚寒证,虚寒证,0.9138940122106783,下焦虚冷证
邪在卫气证,卫气同病证,0.8899406365625784,卫气同病证
营热炽盛证,营分热盛证,0.9141679518434587,营分热盛证
热炽营分证,热入营分证,0.9381883897071623,营分热盛证
心营热盛证,热入心营证,0.9351424237360548,营分热盛证
先天不足证,禀赋不足证,0.6707258387141426,禀赋不足证
阴闭痰湿证,痰湿蒙蔽证,0.8669111695674481,阴闭证
内陷外脱证,内闭外脱证,0.7298077558660055,邪陷正脱证
一期,后期,0.8234973492964709,初期
二期,中期,0.8628606118311286,中期
三期,中期,0.8336902781427651,后期
疹出热退证,出疹期,0.7659058287410513,疹回期
破损期,已破损期,0.9534410723278638,已破损期
轻度,二度,0.803613352256427,一度
中度,二度,0.8870356432920626,二度
重度,二度,0.7709703486713285,三度
高丽参,人参,0.8363369229717655,人参
马尾莲,莲须,0.83672902955522,马尾连
䗪虫,虫臌,0.9822461505354464,土鳖虫
大豆卷,大豆黄卷,0.9477074941899716,大豆黄卷
红枣,大枣,0.9162736779127324,大枣
大蓟炭,大蓟,0.860694277310529,大蓟
焦山楂,山楂,0.9431443855358692,山楂
生山楂,山楂,0.9573425825788462,山楂
炒山楂,山楂,0.9221529495095417,山楂
千金子霜,千金子,0.6945399638860297,千金子
牛膝,川牛膝,0.9457640304253254,川牛膝
乌头,乌头煎,0.8503184212705251,川乌
苦楝子,苦楝皮,0.9174193597622594,川楝子
藿香,广藿香,0.930491997991053,广藿香
马蹄金,羊蹄,0.7222953543164695,小金钱草
荷包草,荷叶,0.8120198311668105,小金钱草
马钱子粉,马钱子,0.7908522494931376,马钱子
制天南星,天南星,0.9478297673710082,天南星
蛇六谷,蕲蛇,0.7164821101219968,天南星
右旋龙脑,颅脑类病,0.6987629881149496,天然冰片
醋五味子,南五味子,0.8095154218254681,五味子
化桔红,化橘红,0.8879138486938085,化橘红
神曲,六神曲,0.8250007941731221,六神曲
鸡苏,水苏,0.8154055810227017,水苏
鸡苏茎叶,水苏茎叶,0.9310537760049004,水苏茎叶
水红子,水红花子,0.9003743864350738,水红花子
炙甘草,炙甘草汤,0.9423197140904579,甘草
左旋龙脑,颅脑类病,0.6996637435157023,艾片
煅石膏,石膏,0.8322428002128978,石膏
生地,生地黄,0.7553830080745918,生地黄
生地炭,棕榈炭,0.7206623629245423,生地黄
姜皮,生姜皮,0.9571940507100216,生姜皮
茅根,白茅根,0.9346645735896449,白茅根
矾石,矾石汤,0.895817070003231,白矾
枯矾,白矾,0.8910541397861241,白矾
白帆,白驳风,0.6877290447526915,白矾
蛇舌草,白花蛇舌草,0.9457196080029399,白花蛇舌草
白花十字草,三白草,0.8085448018462893,白花蛇舌草
扁豆,白扁豆,0.9356971636381252,白扁豆
扁豆仁,白扁豆,0.9008694378288188,白扁豆
炒瓜蒌子,瓜蒌子,0.9162082117430804,瓜蒌子
瓜蒌仁,瓜蒌子,0.9313801659582281,瓜蒌子
田基黄,黄根,0.807040252824278,半枝莲
清半夏,半夏,0.8876578824465609,半夏
法半夏,半夏,0.9316097455174018,半夏
姜半夏,生姜半夏汤,0.9177548953201505,半夏
锡生藤,丁公藤,0.8443386619004886,亚乎奴
当归尾,当归,0.7697882557060998,当归
当归身,王不留行,0.6183492080254003,当归
元胡,前胡,0.7620809092121092,延胡索
合成龙脑,颅脑类病,0.6415173266949162,冰片
灯盏花,锦灯笼,0.762544299648723,灯盏细辛
炙红芪,红芪,0.895105472047793,红芪
焦麦芽,麦芽,0.9392327122074584,麦芽
生麦芽,麦芽,0.9585753675638913,麦芽
炒麦芽,麦芽,0.9173070342862898,麦芽
豆蔻,草豆蔻,0.9491362408540027,白豆蔻
丹皮,牡丹皮,0.8550960879179045,牡丹皮
煅牡蛎,牡蛎,0.9110390454233658,牡蛎
生何首乌,何首乌,0.949262555245964,何首乌
制何首乌,何首乌,0.9294732056069505,何首乌
猪牙皂,牙岩,0.7909495314938385,皂荚
大皂角,皂角刺,0.8329455325183214,皂荚
皂角,皂角刺,0.8408371744502127,皂荚
绿矾,白矾,0.9203306368008034,皂矾
青矾,白矾,0.9462941525150266,皂矾
灶心土,中煤毒病,0.5593356399154696,伏龙肝
诃黎勒,诃子,0.7330740967149878,诃子
诃黎勒皮,诃子皮,0.7739753980039813,诃子皮
广陈皮,陈皮,0.9448463294595361,陈皮
盐附子,白附子,0.8543479099709398,附子
黑顺片,侯氏黑散,0.683822507264204,附子
白附片,白附子,0.7965503335746346,附子
杏仁,苦杏仁,0.893058401961707,苦杏仁
花斑竹,淡竹叶,0.8049613844133788,虎杖
银花,金银花,0.931485382745698,金银花
大戟,京大戟,0.9143572058850439,京大戟
制草乌,草乌,0.9112949935109345,草乌
草果仁,草果,0.8960661726861939,草果
茵陈蒿,茵陈蒿汤,0.8900213860999949,茵陈
焦山栀,栀子,0.7938355568749229,栀子
山栀,栀子,0.8601690115304985,栀子
焦栀子,栀子,0.9438869814271125,栀子
枸杞,枸杞子,0.941155143168462,枸杞子
砂壳,砂仁壳,0.8942558871460373,砂仁壳
七叶一枝花,一枝黄花,0.8362955699362723,重楼
蚤休,疽,0.694596513018855,重楼
草河车,紫河车,0.8182340382060701,重楼
姜炭,生姜,0.8383229257542576,炮姜
硝石,芒硝,0.8157305280965031,消石
蚕砂,蚕沙,0.8677194020612428,蚕沙
紫葳,紫菀,0.8385857758260276,凌霄花
桑皮,桑叶,0.8706387727556746,桑白皮
炙黄芪,黄芪,0.9021415351145426,黄芪
川柏,卷柏,0.864797783039568,黄柏
川黄柏,黄柏,0.9285808125233181,黄柏
绿梅花,梅花,0.922362576011687,梅花
仙灵脾,健脾丸,0.7152189855692773,淫羊藿
豆豉,淡豆豉,0.959107633412776,淡豆豉
绵马贯众炭,绵马贯众,0.9436443897288468,绵马贯众
葫芦皮,葫芦,0.8780842924005762,葫芦
葱,葱白,0.9049211832000154,葱白
蜂巢,蜂房,0.8783241747452211,蜂房
旱莲草,小叶莲,0.8495657026505166,墨旱莲
炒稻芽,稻芽,0.920710657878792,稻芽
焦稻芽,稻芽,0.9381113049749372,稻芽
熟地,熟地黄,0.7543749950179817,熟地黄
岩柏,石上柏,0.8776838853669533,地柏枝
三姐妹,玉女煎,0.5854444824917077,虫牙药
乌韭,草乌,0.7611208189609204,大叶金花草
黄花菜,黄蜀葵花,0.8124798317060324,萱草
小青草,小通草,0.8500534004381642,爵床
时令病,小儿时令类病,0.7962537295279001,外感时令类病
时邪感冒,时行感冒,0.9395653032361536,时行感冒
冒暑,冒暑病,0.9366503874308465,冒暑病
伤暑,暑病,0.9140246617374198,冒暑病
暑闭,暑脱,0.7761909824512541,暑厥
暑痉,暑风,0.8067996706352759,暑风
暑秽,暑秽病,0.9110770045646956,暑秽病
湿阻,湿阻病,0.8960519626927245,湿阻病
冒湿,湿温病,0.7125803406873353,湿阻病
伤湿,湿疮,0.8243568060075416,湿阻病
秋燥,秋燥病,0.9234644702039269,秋燥病
寒燥病,凉燥病,0.87811494965672,凉燥病
伤寒,伤寒类病,0.9183681188179758,伤寒类病
温热病,温病,0.8915664742053232,温病
瘟病,瘟毒病,0.9248790090737666,温病
伏邪温病,伏气温病,0.8887355986795982,伏气温病
瘟疫,疫病,0.9351342361599861,疫病
疫疠,疫病,0.8171999204401308,疫病
风温,风温病,0.8854632662263047,风温病
风温肺热病,风热犯肺证,0.8944841819764533,风温病
风瘟病,急风病,0.8402072196186893,风温病
风瘟,伤风,0.8300181872709969,风温病
春温,春温病,0.8340093730046237,春温病
春瘟病,疫病,0.8549798449580689,春温病
春瘟,疫病,0.830777712261616,春温病
暑温,暑温病,0.9457625954292237,暑温病
小儿暑温,小儿夏季热,0.9080463443606943,暑温病
暑瘟病,暑病,0.8882568644384998,暑温病
暑瘟,暑病,0.8955512346541191,暑温病
小儿暑瘟病,冒暑病,0.808382425340969,暑温病
湿温,湿温病,0.9031086678182009,湿温病
湿瘟病,湿温病,0.829825992385732,湿温病
湿瘟,湿疮,0.8167972099944056,湿温病
伏暑,伏暑病,0.9205395305195958,伏暑病
冬温,冬温病,0.8626713862918577,冬温病
冬瘟病,疫病,0.8502633935538287,冬温病
冬瘟,疫病,0.838359894408358,冬温病
风痧,痧病,0.8913462251955427,风疹
小儿风痧,风痱,0.8501220049764104,风疹
瘟疫发斑,瘟毒病,0.8510385291828674,瘟毒病
时疫发斑,疫斑热,0.7762526835083401,瘟毒病
温毒发斑,火斑疮,0.7672193876994694,瘟毒病
瘟毒发斑,瘟毒病,0.8489406011771872,瘟毒病
瘟黄,溪黄草,0.7854213642688948,肝瘟
疫黄,溪黄草,0.7187287892902273,肝瘟
急黄,眵黄,0.7008653953241367,肝瘟
痧气,痧病,0.8181396121741701,痧病
痧胀,痧病,0.8719049734507138,痧病
瘴气病,瘴病,0.9141359574744419,瘴病
瘴毒病,瘴病,0.9073298986702778,瘴病
间日疟,久疟,0.8653764989916759,正疟
三日疟,久疟,0.856779364650306,正疟
疫疟,疟疾,0.9304352704971104,瘴疟
劳疟,久疟,0.8834436029145591,久疟
肠澼,小肠瘅,0.9487267898506779,痢疾
滞下,积滞,0.7532023843391691,痢疾
暴痢,痢疾,0.9176904267431576,湿热痢
劳瘵,瘿劳,0.9705840282670879,痨病
骨痨,骨痹,0.7794571287729287,流痰
穿骨流注,髂窝流注,0.7511805037822618,流痰
时疫霍乱,疫霍乱,0.9627519929183832,疫霍乱
搅肠痧,肠痈,0.8255858721630321,干霍乱
斑痧,痧病,0.8190203859195498,干霍乱
乌痧胀,痧病,0.8501207319959813,干霍乱
丹痧,痧病,0.8654385691197336,烂喉丹痧
喉痧,喉痈,0.9264799466099751,烂喉丹痧
烂喉痧,烂喉丹痧,0.959939988479407,烂喉丹痧
疫喉痧,烂喉丹痧,0.8958423356441728,烂喉丹痧
小儿烂喉丹痧,烂喉丹痧,0.9402475299812002,烂喉丹痧
小儿顿嗽,小儿咳嗽,0.9253321552187316,顿咳
百日咳,暴咳病,0.8941068797602436,顿咳
天哮,哮鸣,0.7876807282315754,顿咳
鹭鸶咳,百晬嗽,0.8230589897841772,顿咳
小儿痄腮,痄腮,0.8381556460933136,痄腮
蛤蟆瘟,蛤蟆油,0.7798768982807629,痄腮
鸬鹚瘟,蝼蛄疖,0.8029069923486126,痄腮
含腮疮,托腮痈,0.8889599277147044,痄腮
腮颌发,腮颊肿胀,0.83507431191489,痄腮
恙虫病,蛲虫病,0.9373223851763429,沙虱病
大麻风,麻风病,0.8135589170071825,麻风病
疠风,恶风,0.8118553674424738,麻风病
痘疹,痤疮,0.9224383550519643,天花
痘疮,痤疮,0.9554153637571294,天花
天行时痘,翻花疮,0.6098199493563089,天花
性病,性传播类病,0.8021474580202698,性传播类病
杨梅疹,杨梅疮,0.9530315630694928,杨梅疮
鱼口,胖大海,0.6967829215952014,横痃
便毒,便秘病,0.822010718686356,横痃
小儿蛔虫病,蛔虫病,0.9580616195424355,蛔虫病
小儿绦虫病,绦虫病,0.9490826104760474,绦虫病
寸白虫病,丝虫病,0.8906358703344345,绦虫病
小儿囊虫病,囊虫病,0.9447407026468899,囊虫病
小儿钩虫病,钩虫病,0.9320418785025892,钩虫病
黄胖病,肥胖病,0.7735929663097736,钩虫病
黄肿病,黄瓜痈,0.761926200500079,钩虫病
小儿蛲虫病,蛲虫病,0.9329496353105236,蛲虫病
小儿姜片虫病,姜片虫病,0.9473389183302892,姜片虫病
赤虫病,丝虫病,0.9001932360408809,姜片虫病
扁虫病,囊虫病,0.9082853957536365,姜片虫病
小儿丝虫病,丝虫病,0.9429443531462304,丝虫病
肺虫病,肺吸虫病,0.9576550246387732,肺吸虫病
肝虫病,肝吸虫病,0.9240284552340935,肝吸虫病
小儿血吸虫病,血吸虫病,0.9506505543359741,血吸虫病
蛊虫病,蛲虫病,0.9131143555318308,血吸虫病
急性蛊虫病,急性血吸虫病,0.8881971554862623,急性血吸虫病
慢性蛊虫病,慢性血吸虫病,0.8668469245112627,慢性血吸虫病
晚期蛊虫病,晚期血吸虫病,0.8607162202725814,晚期血吸虫病
药物中毒,药毒类病,0.8155747546095337,药毒类病
断肠草中毒,毒蕈中毒,0.6954547145385567,钩吻中毒
水莽草中毒,雷公藤中毒,0.7969815164231054,钩吻中毒
黄藤木中毒,雷公藤中毒,0.8934403974503303,雷公藤中毒
红药中毒,药毒类病,0.7605779483842808,雷公藤中毒
乌头中毒,乌头类中毒,0.9806135802842086,乌头类中毒
附子中毒,雷公藤中毒,0.7366183328761502,乌头类中毒
天雄中毒,钩吻中毒,0.7950998659845454,乌头类中毒
食物中毒,食郁肉中毒,0.7821809250244153,食毒类病
煤气中毒,中煤毒病,0.8298390628932305,中煤毒病
酒客病,酒癖,0.7887527074073792,酒瘾
虫螫,虫臌,0.9999999999999999,虫螫伤类病
恶虫叮咬伤,虫兽咬伤病,0.8917031364809477,虫螫伤类病
粪毒块,粪瘘,0.7533643386417085,野屎风
创伤病,创伤类病,0.9716471314994038,创伤类病
缺盆骨损折,骨盆骨折,0.9261297141635584,锁骨骨折
锁子骨断伤,锁骨骨折,0.9107584023742124,锁骨骨折
井栏骨折断,距骨骨折,0.8777035826412336,锁骨骨折
饭匙骨骨折,距骨骨折,0.9063282221399332,肩胛骨骨折
琵琶骨骨折,桡骨骨折,0.8215834120202984,肩胛骨骨折
锹板子骨骨折,距骨骨折,0.9244454223568114,肩胛骨骨折
臑骨上段骨折,髌骨骨折,0.9676142724453556,肱骨骨折
臑骨肩端骨折,肩胛骨骨折,0.9427756685625093,肱骨骨折
臂膊骨伤折,桡骨骨折,0.8563076226302629,肱骨骨折
臑骨下端骨折,髌骨骨折,0.9662442504605063,肱骨骨折
肘骨骨折,肱骨骨折,0.9255505543430588,尺骨骨折
臂骨骨折,肱骨骨折,0.9250094423849062,尺骨骨折
辅骨上端骨折,距骨骨折,0.9354470767432952,桡骨骨折
辅骨骨折,距骨骨折,0.9632586303446898,桡骨骨折
缠骨骨折,距骨骨折,0.9400336272001824,桡骨骨折
辅骨下端骨折,距骨骨折,0.9380633585786342,桡骨骨折
手骨两胫俱断,胫腓骨干骨折,0.8588665233306272,尺桡骨干双骨折
断臂辅两骨,四肢骨骼折断,0.8259994334419458,尺桡骨干双骨折
前臂双骨折,肱骨骨折,0.868576431163026,尺桡骨干双骨折
高骨骨折,距骨骨折,0.9389408312794458,腕舟骨骨折
龙骨骨折,距骨骨折,0.9190139232752874,腕舟骨骨折
驻骨骨折,距骨骨折,0.9724034733605526,掌骨骨折
壅骨骨折,距骨骨折,0.974085474209644,掌骨骨折
竹节骨骨折,距骨骨折,0.9329980548334521,指骨骨折
膝盖损断,膝关节脱位,0.9047615679551614,髌骨骨折
膝盖骨破,膝关节脱位,0.9037366053251898,髌骨骨折
足掌骨骨折,足舟骨骨折,0.944794641246157,跖骨骨折
足节骨骨折,足舟骨骨折,0.9613619338640219,趾骨骨折
环枢椎骨折,寰枢椎骨折,0.9564671432412964,寰枢椎骨折
脱臼,髌骨脱位,0.796049202915851,脱位病
环枢椎脱位,寰枢椎脱位,0.9464855478690676,寰枢椎脱位
寰枢椎骨折合并脱位,环枢椎骨折合并脱位,0.9782469903547942,环枢椎骨折合并脱位
筋骨损伤病,筋骨病,0.9525419823756436,筋骨病
伤筋,筋骨病,0.8857177926889941,筋出槽
冻结肩,冻僵,0.7599988753721649,漏肩风
冷凝肩,肩凝,0.7668217207164202,漏肩风
肩周炎,肩痛,0.8830738768524505,漏肩风
肩痹,肩痛,0.8884442678272009,漏肩风
青少年特发性脊柱侧凸,特发性脊柱侧凸,0.91455521974501,特发性脊柱侧凸
青少年特发性脊柱侧弯,特发性脊柱侧凸,0.8820445343784521,特发性脊柱侧凸
项痹,顽痹,0.8598763909097149,颈椎病
外伤性斜颈,颈椎骨折合并脱位,0.8441925843942027,落枕
急性斜颈,颈椎脱位,0.7992933269084955,落枕
颈椎管狭窄症,颈椎椎管狭窄症,0.9879793066461723,颈椎椎管狭窄症
闪腰,腰酸,0.7085302955285137,急性腰扭伤
跗跖关节扭伤,跖跗关节扭伤,0.9894283799511128,跖跗关节扭伤
蛇犬伤,毒蛇咬伤,0.8486533171152421,虫兽咬伤病
伤痉,肉痉,0.8478195804976048,破伤风
金疮痉,瘑疮,0.8346921246506471,破伤风
冻伤,冻伤类病,0.9043510702197887,冻伤类病
冻瘃,冻僵,0.7954023547227497,冻疮
胸痹,高原胸痹,0.8584001230263082,胸痹心痛
心热病,心热证,0.8687477491768707,心瘅
心厥,心厥病,0.9490852131251999,心厥病
心水,水臌,0.723514688426155,心水病
心衰,心悸,0.8646553267262598,心水病
神劳,神劳病,0.9045057302814679,神劳病
不寐,夜寐不安,0.9242023073159997,失眠
少寐,失眠,0.9235778859960084,失眠
嗜睡症,嗜睡,0.9606780721060504,多寐病
梦魇病,梦魇,0.9448558145298046,梦魇
夜游症,梦游症,0.7956733227929057,梦游症
失志,失志病,0.8488141817927541,失志病
花痴,花癫,0.8040684210255375,花癫
痉证,痉病,0.8074985756006264,痉病
刚痉,痉病,0.8069583134549653,外感痉病
柔痉,肉痉,0.8820694868392179,外感痉病
酒黄疸,酒疸,0.9291828054701534,酒疸
肝著,肝着,0.8964703842006466,肝着
肝痞,肝痨,0.8329666152574411,肝癖
肝厥,肝厥病,0.9196624069840019,肝厥病
胆胀,胆胀病,0.9490296713974178,胆胀病
蛔厥,吐蛔,0.7556534498061999,胆蛔病
臌胀,臌胀病,0.9037273056012727,臌胀病
鼓胀,胀痛,0.8306830700557987,臌胀病
蛊胀,臌胀病,0.7904188824784524,臌胀病
酒鼓,酒臌,0.7894059474129573,酒臌
水鼓,水臌,0.7385757870334871,水臌
气鼓,气喘,0.8117624416806379,气臌
血鼓,血臌,0.8210555717857388,血臌
胃反,反胃病,0.9411958819622206,反胃病
噎膈,噎膈,1.0,噎膈病
便闭,便秘,0.8950117747275351,便秘病
久泄,久泄不止,0.8990378618399641,久泻
厌食病,厌食,0.9362385731295054,厌食
伤食,伤食病,0.9221663576513125,伤食病
胃痞病,胃痞,0.9358535720624535,胃痞
胃胀病,胃胀,0.9535441707986382,胃胀
胃脘痈,胃痈,0.9304047291200334,胃痈
酒癥,酒癖,0.8578278010390703,酒癖
脾痟,脾瘅,1.0,脾消
暴咳,顿咳,0.950219028271447,暴咳病
久咳,久咳病,0.9569040436234604,久咳病
肺热病,肺热证,0.8984001503185509,肺瘅
哮喘,哮喘病,0.9537898763499103,哮喘病
哮证,哮病,0.8370558860173106,哮病
喘证,喘病,0.8668786384590866,喘病
肺厥,肺厥病,0.9406804069258298,肺厥病
急淋,热淋,0.7771546592293782,热淋
湿热淋,暑湿流注,0.8293905027293292,热淋
膏淋,粟疮,0.7935935295678505,乳糜尿
遗尿,遗尿,1.0,遗尿病
小便不禁,小便失禁,0.9741053487047636,小便失禁
肾风,肾囊风,0.8935759239401276,肾水病
肾热病,肾热证,0.8996610693399929,肾瘅
肾衰,肾衰病,0.9571570158119426,肾衰病
猝发病急之肾衰病。,急性肾衰,0.889975319188529,急性肾衰
强中,项强,0.721130022389261,强中病
缩阴,缩阴病,0.9180803438479815,缩阴病
阴缩,缩阴病,0.8325769675815176,缩阴病
郁证,忧郁气结证,0.8179547665963407,郁病
虚劳,虚劳类病,0.9064577707129854,虚劳类病
虚劳病,虚劳类病,0.9631575025629278,虚劳类病
劳怯病,虚劳类病,0.7662132966544851,虚损病
注车,驻车丸,0.6651912322641713,晕动病
注船,流注,0.6794197886943804,晕动病
厥脱病,厥脱类病,0.9570740976296777,厥脱类病
脉厥,脉动,0.8034067137301516,血厥
厥证,厥病,0.8161024964868753,厥病
卒忤,客忤,0.658369835059175,中恶
郁厥,厥病,0.8028123095738349,气厥
阴厥,厥阴病,0.8929424816406736,寒厥
冷厥,寒厥,0.9082843771598453,寒厥
阳厥,阳强,0.8100483081520855,热厥
气脱,气脱病,0.8732067803692657,气脱病
液脱,液脱病,0.8603471539905597,液脱病
血脱,血脱病,0.9252975268216876,血脱病
精脱,精脱病,0.9226207271947872,精脱病
血溢病,血溢类病,0.9589618757255038,血溢类病
溢血病,血溢类病,0.9105802990988323,血溢类病
葡萄疫,石榴疽,0.6709749739466281,紫癜病
痰饮病,痰饮类病,0.9763536082750733,痰饮类病
水肿病,水肿类病,0.9629198134833551,水肿类病
汗病,汗类病,0.9468859898836016,汗类病
汗血,血汗,0.967524747738807,血汗
血箭,血臌,0.7329435039959703,血汗
消渴,消渴厥,0.9142477270224847,消渴类病
膈消,噎膈,0.9037063763359299,上消
消中,中消,0.8749210837656588,中消
痟中,荜葧,0.8214921965117727,中消
消脾,脾消,0.9750019626815254,中消
胃消,胃胀,0.8819778437680186,中消
肾消,肾衰病,0.8452275691784861,下消
痟肾,肾瘅,0.9761833458464411,下消
消肾,肾瘅,0.8261176096420508,下消
中风,中风病,0.907793270641844,中风病
卒中,卒死,0.7891392311885297,中风病
卒中急风,风厥,0.8334706673250907,急风病
面瘫,截瘫,0.7509548207919972,口僻
喑痱,痱癳,0.9751548166961583,风痱
中风后遗症,中风病,0.886327199534745,风痱
头风,头风病,0.8887951987869456,头风病
头痛病,头痛,0.9445461721147709,头风病
真头痛,全头痛,0.9483401722777377,厥头痛
面痛,面风痛,0.8613897240091564,面风痛
脑风,头风病,0.801235433138062,颤病
颤症,颤病,0.9448262883072459,颤病
侠瘿瘅,荜葧,0.7865665216443966,侠瘿瘤
劳瘿,瘿劳,0.9705840282670879,瘿劳
乳吹,乳悬,0.8332708464056129,乳痈
脱壳乳痈,乳痈,0.873231420475087,乳发
乳瘘,乳房瘘管,0.9233413249917428,乳漏
乳头破碎,乳头破碎,0.9999999999999998,乳头风
儿泣,小儿啼哭,0.8409439564372919,乳泣
疝病,疝气类病,0.8947547074301262,疝气类病
疝气,疝气类病,0.9196093053029629,疝气类病
气疝,疝气类病,0.8755621778270222,狐疝
风湿病,风湿证,0.8523863480325391,痹证类病
风湿痹病,风寒湿痹,0.8659767073283787,痹证类病
痹证,痹证类病,0.9063666615670041,痹证类病
痹病,顽痹,0.8910798562710327,痹证类病
风痹,尪痹,0.8113649209123722,行痹
寒痹,风寒湿痹,0.8302656595116664,痛痹
湿痹,湿阻病,0.7932944911504741,着痹
肉痹,肌痹,0.87732251319499,肌痹
寒湿腰痛,寒湿犯腰证,0.8468291700328265,肾着
腓腨转筋,转筋,0.8215145968625307,转筋
痿病,痿躄,0.915356927075006,痿证类病
痿证,痿证类病,0.9346557979555516,痿证类病
心痿,脉痿,0.7925624871670098,脉痿
肉痿,肌痿,0.9420585612747556,肌痿
脾痿,肾痨,0.7396901845935328,肌痿
肢痿,肢体痿弱,0.901810458007914,痿痹
腲腿,腲腿风,0.8001032668540676,腲腿风
猥退,羞明,0.6738776902340615,腲腿风
肝痿,阳痿,0.7225722646044407,筋痿
肾痿,阳痿,0.904102739783556,骨痿
干燥症,干燥病,0.9522619453088405,干燥病
皮肤病,皮肤类病,0.9730050485897582,皮肤类病
热气疮,热疮,0.908396990786903,热疮
火燎疮,火赤疮,0.9019853826399088,热疮
蛇丹,青蛇毒,0.7853237391148077,蛇串疮
缠腰火丹,腰带痈,0.6478958152492886,蛇串疮
浸淫疮,皮疹浸淫成片,0.8345830596531215,黄水疮
滴脓疮,疮口流脓,0.8953900777026619,黄水疮
脓窝疮,皮肤脓疱,0.8893304670398415,黄水疮
疣,疣病,0.895873348688184,疣病
千日疣,疣目,0.873327210944882,疣目
枯筋箭,伸筋草,0.8169669491338707,疣目
水瘊,水臌,0.9999999999999999,鼠乳
瘙瘊,瘙痒,0.8811275609776988,臊疣
癣病,圆癣,0.8862290398124433,癣
癞头疮,头部生疮疡,0.8462437576566411,肥疮
臭田螺,田螺疱,0.7898784647309908,脚湿气
灰趾甲,灰指甲,0.8974803537338727,灰指甲
钱癣,癣,0.8559698192445923,圆癣
金钱癣,圆癣,0.8071745418238698,圆癣
汗斑,汗淅疮,0.7623420235248742,紫白癜风
牛皮癣,松皮癣,0.9172108514483929,摄领疮
顽癣,圆癣,0.9020239253839295,摄领疮
湿疡,湿疮,0.8731090441490198,湿疮
恋眉疮,眉疮,0.9460737235134663,眉疮
眉（疒敛）疮,眉疮,0.831640584318469,眉疮
月蚀疮,疮面潮红,0.7608173559901038,旋耳疮
窝疮,瘑疮,0.871293795587522,瘑疮
风疹块,风疹,0.9435593281202869,瘾疹
风土疮,土风疮,0.955116395543018,土风疮
风痒,风瘙痒,0.958616840874903,风瘙痒
顽湿结聚,顽湿聚结,0.9938204538116182,顽湿聚结
马疥,疥疮,0.8785921218150514,顽湿聚结
血疳疮,金疳,0.8547562377633734,风热疮
白壳疮,疮边如空壳,0.8723918886616556,白疕
斑秃油风,斑秃,0.9174624739582801,油风
脱发,脱发,0.9999999999999998,油风
蛀发癣,圆癣,0.8407517520579479,发蛀脱发
肺风粉刺,鼻生粉刺,0.7771974048503046,粉刺
黑头粉刺,粉刺,0.9042069079719826,痤疮
酒糟鼻,酒齄鼻,0.8957084706603052,酒齄鼻
日晒伤,日晒疮,0.8950788228770319,日晒疮
痱子,痱癳,0.8961599818943159,痱癳
雁疮,粟疮,0.8842716546553767,猫眼疮
蝶斑疮,红蝴蝶疮,0.8675955194721215,红蝴蝶疮
乌癞,乌白癞,0.9019469954713791,乌白癞
白癞,乌白癞,0.8980329128425117,乌白癞
肉刺,刺猬皮,0.8108500558092395,鸡眼
脚垫,大脚风,0.7467766362764117,胼胝
牛程蹇,牵牛子,0.6860787229787256,胼胝
倒刺,刺五加,0.7688720344758007,手足逆胪
皴裂疮,溻皮疮,0.8618797867806123,手足皲裂
漆毒,丹毒,0.740564918509794,漆疮
疥疮病,疥疮,0.9700114867231482,疥疮
火丹,抱头火丹,0.7665518745246827,丹毒
丹熛,小金丹,0.7369118677219759,丹毒
腿游风,腿风,0.8176813898024452,流火
象皮腿,青筋腿,0.7797913588574839,大脚风
疮疡,疮疡类病,0.9336591214267872,疮疡类病
疖肿,疖肿簇生,0.9253605658934428,疖
热疖,暑疖,0.9018067452168078,暑疖
有头疖,头部疖肿,0.9185186510518719,石疖
无头疖,头部疖肿,0.9044598808388877,软疖
鳝拱头,颃颡岩,0.6603668091724322,蝼蛄疖
蟮拱头,头小,0.74100169830551,蝼蛄疖
蝼疖,蝼蛄疖,0.9453104662034642,蝼蛄疖
疖病,多发性疖,0.8802045285468797,多发性疖
疔,疔,0.9999999999999998,疔疮
瘭疽,渊疽,0.9069153989182219,蛇头疔
中节疔,蛀节疔,0.9022505667906908,蛇肚疔
蛇腹疔,蛇肚疔,0.9491326414469784,蛇肚疔
虎口疔,蛇头疔,0.8904952751710045,合谷疔
癀走,线瘊,0.7530276072798237,疔疮走黄
鱼脐疔,蛇肚疔,0.8567871717658162,疫疔
紫燕疔,红丝疔,0.821875876949066,疫疔
痈病,成痈期,0.9010861580186228,痈
承浆痈,承浆疔,0.9065196617286856,颏痈
穿胁痈,胁痈,0.9258504713101976,胁痈
冲痈,丫痈,0.8716412684039881,冲疽
委中毒,钩吻中毒,0.7683130172935247,膝弯痈
腘窝毒,丹毒,0.7343804096139056,膝弯痈
夹喉痈,锁喉痈,0.9609922082148152,颈痈
鱼肚痈,蛇肚疔,0.8086697728737947,腓腨发
疽病,鬓疽,0.8988729835982407,疽
玉顶疽,无头疽,0.8118001122674362,百会疽
太阳疽,天柱疽,0.7854897824188364,鬓疽
对口疽,偏对口疽,0.9100244238446847,正对口疽
偏对口,口僻,0.7285339738600429,偏对口疽
发背疽,背疽,0.9582292092539314,背疽
发背,手背发,0.7815367537142213,背疽
多骨疽,附骨疽,0.9294267211998534,附骨疽
咬骨疽,附骨疽,0.9151400432972912,附骨疽
朽骨疽,附骨疽,0.9294416679139871,附骨疽
溃心冷漏,寒厥,0.6261734365360744,井疽
穿心冷漏,寒厥,0.6545468276066959,井疽
驴眼疮,猫眼疮,0.9619979484108789,腓腨疽
锁颈疬,颈前瘿肿,0.7764284705075397,蟠蛇疬
生于颈部的瘰疬。,颈前瘿肿,0.7354967831319934,蟠蛇疬
下肢溃疡,小腿溃疡,0.8984597545171877,臁疮
恶脉病,脉疾,0.7439469241304231,青蛇毒
漏,漏下,0.8222641983057409,瘘病
席疮,蝣蜒疮,0.8849014672078829,褥疮
皮肤溃疡,皮肤溃烂,0.9559850895326023,溃疡
肛肠病,肛肠类病,0.9719070810395161,肛肠类病
痔病,痔疮,0.9566803590372034,痔疮
里痔,内痔,0.9358557257513331,内痔
嵌顿痔,痔核嵌顿,0.9178957275800084,翻花痔
脉痔,痔疮,0.8626033344802438,气痔
裂肛,肛裂,0.9725406385910454,肛裂
肛瘘,肛裂,0.9000656188877568,肛漏
穿肠瘘,瘘管,0.853997403954085,肛漏
肛痒风,肛门瘙痒,0.9095203595492307,肛口痒
肛门顽湿,肛门湿疡,0.9318886180595339,肛门湿疡
肛门失约,肛门失禁,0.9193477871180277,肛门失禁
肛门直肠狭窄,肛门狭窄,0.9532700322212386,肛门狭窄
龟头痈,龟头溃烂,0.9260494444967893,阴头痈
肾囊痈,肾痈,0.9176922591998574,囊痈
阴囊风,阴囊瘙痒,0.8025415792300845,肾囊风
绣球风,地锦草,0.6480059631982967,肾囊风
玉茎疽,石榴疽,0.756685579228886,阴茎痰核
阴纵,阴茎隐缩,0.8445976618639752,茎纵
男性不育,不育类病,0.868470933931809,不育类病
精稀,精少,0.9167306686647438,精薄
子宫脱垂,产后子宫脱垂,0.9476257612140676,子宫脱出
阴挺,缩阴病,0.8058323721244184,子宫脱出
阴寒,阴冷,0.9144807504449235,阴冷
阴蠚,少阴病,0.8040833811946021,阴痒
阴门痒,阴痒,0.9192812300574315,阴痒
外阴瘙痒症,阴囊瘙痒,0.924516078196591,阴痒
阴肿,阴痛,0.8407355264665614,阴疮
阴蚀,阴水,0.764737836399537,阴疮
阴茧,阴疮,0.700035528734783,阴疮
月经病,月经类病,0.9686962840271038,月经类病
经闭,闭经,0.9529631555682928,闭经
血崩,血厥,0.8817834427651207,崩中
月经前后诸证,月经前后诸病,0.9345423570586407,月经前后诸病
月经前后诸症,月经前后诸病,0.9736912928109833,月经前后诸病
经行前后诸证,十二经证,0.7935347446591036,月经前后诸病
倒经,痛经,0.830066879623621,经行吐衄
逆经,痛经,0.7833241678012535,经行吐衄
经前乳胀,经前乳胀,0.9999999999999998,经行乳房胀痛
绝经前后诸病,绝经前后诸症,0.9755390592011992,绝经前后诸症
更年期综合征,绝经前后诸症,0.7502530912468955,绝经前后诸症
经断复来,经断复行,0.9420264650374518,经断复行
伪胎,伪胎,1.0,鬼胎
葡萄胎,甜瓜蒂,0.6784753296620372,鬼胎
妊娠呕吐,妊娠呕吐,1.0,恶阻
妊娠腹痛,妊娠腹痛,1.0,胞阻
胎气,胎气病,0.9341651391776997,胎气病
漏胎,胎漏,0.9270252694149851,胎漏
胞漏,崩漏,0.8387525379284343,胎漏
羊水过少,胎水过少,0.9124503812066853,胎水过少
羊水过多,胎水过多,0.9105854011518564,胎水过多
流产,滞产,0.9140804528833614,小产
妊娠肿满,妊娠水肿,0.8818594324811903,子满
妊娠肿胀,妊娠水肿,0.8836231753929276,子肿
子晕,子眩,0.9010267602439823,子眩
妊娠眩晕,妊娠眩晕,1.0,子眩
子冒,经行感冒,0.7100777628377014,子痫
妊娠心烦,胎动不安,0.7666098526810476,子烦
子喑,榧子,0.9482569683394397,妊娠音哑
妊娠失音,妊娠音哑,0.9332068148131217,妊娠音哑
子瘖,榧子,0.9482569683394397,妊娠音哑
子呛,子嗽,0.7552521643007238,子嗽
妊娠咳嗽,子嗽,0.791956743169532,子嗽
妊娠小便淋痛,产后小便淋痛,0.9450616370507127,子淋
转胞,胞长菌瘤,0.7162346561704421,妊娠转胞
妊娠小便不通,妊娠小便不通,0.9999999999998311,妊娠转胞
妊娠转筋,妊娠下肢抽筋,0.83785420243625,妊娠下肢抽筋
产病,产后类病,0.9027388751187259,产科类病
胞衣早破,胞衣先破,0.9667991135547614,胞衣先破
胞膜先破,胞衣先破,0.8625959305305518,胞衣先破
胞膜早破,胞衣先破,0.8332620193502501,胞衣先破
脐带缠绕,脐带绕颈,0.9279494492156327,脐带绕颈
胞衣不出,胞衣不下,0.9109530113960783,胞衣不下
胎衣不出,胎死不下,0.7990217738446698,胞衣不下
息胞,胞长菌瘤,0.7209985112608501,胞衣不下
息胎,死胎,0.880439482533521,胞衣不下
产后病,产后类病,0.9571504430126143,产后类病
产门不闭,产后产门不闭,0.9617236522276352,产后产门不闭
玉门不闭,囟门早闭,0.7033168467188495,产后产门不闭
产后阴下脱,产后子宫脱垂,0.7709195212223693,产后子宫脱垂
产后出血,晚期产后出血,0.9643278191026735,产后血崩
产褥期出血,晚期产后出血,0.9314773325558705,晚期产后出血
恶露不下,恶露不下,0.9999999999997538,产后恶露不下
恶露不绝,恶露不下,0.9557959900987884,产后恶露不绝
恶露不净,恶露不畅,0.9365621622385011,产后恶露不绝
恶露不尽,恶露不下,0.9652988113438189,产后恶露不绝
产后败血冲心,产后恶血冲心,0.8993624726010132,产后恶血冲心
产后恶血入心,产后恶血冲心,0.9603122464590819,产后恶血冲心
儿枕痛,落枕,0.8115004831616609,产后腹痛
产后便秘,产后便秘,0.9999999999998549,产后大便难
产后遗尿,小儿遗尿,0.8786074104763423,产后小便失禁
产后汗症,产后汗病,0.969256096512454,产后汗病
乳汁不行,乳汁不通,0.9347454115321121,产后缺乳
产后漏乳,产后缺乳,0.9348187359046314,产后乳汁自出
产后喑,产后瘖,1.0,产后瘖
产后痹,产后痉病,0.7984997524652853,产后身痛
产后交肠病,产后大便难,0.7864918950867739,交肠病
阴道直肠瘘,阴囊瘘管,0.8455847432674921,交肠病
带下,带下如水,0.8554556259979117,带下类病
产褥劳,产后身痛,0.761937124513162,血风劳
产后劳,产后瘖,0.8518036754826833,血风劳
性冷淡,性冷,0.8498217509504032,性冷
房事早泄,早泄,0.9199118480609363,早泄
房事阳痿,阳痿,0.9301592516633813,阳痿
性交昏厥,房事晕厥,0.9077101526743762,房事晕厥
新生儿病,新生儿类病,0.968994120075768,新生儿类病
闷脐生,脐腹痛,0.8390985438251953,初生不啼
雪口,唇岩,0.7272921577700364,鹅口疮
脐疝,脐肿,0.8693609973053609,脐突
小儿时令病,小儿时令类病,0.9746024701724749,小儿时令类病
小儿温疫病,小儿温疫类病,0.9860277660443907,小儿温疫类病
假麻,升麻,0.7658170708924039,奶麻
疫痿,肌痿,0.8691980454594037,小儿软脚瘟
小儿痘疹,皮肤起疹,0.8663385314687265,小儿天花
百岁疮,粟疮,0.7835046383126576,小儿天花
乳嗽,乳痨,0.8982305766083247,百晬嗽
胎嗽,子嗽,0.8404600585020401,百晬嗽
百晬咳,百晬嗽,0.9201618692381336,百晬嗽
百晬内嗽,百晬嗽,0.9382739845621247,百晬嗽
肺炎喘嗽,咳嗽病,0.9171173886767793,肺风痰喘
齁喘,暴喘,0.9047524201893825,小儿哮喘
小儿惊厥,痉厥,0.7944514062424921,小儿惊风
小儿客忤,客忤,0.7745112379189556,客忤
小儿多涎,涎多,0.7659822048501423,滞颐
疳证,疳病,0.896972321482222,疳病
疳胀,疳肿胀,0.940043013716461,疳肿胀
丁奚,苦地丁,0.6058313088899996,疳肿胀
异食癖,喜食异物,0.8074091589081847,小儿异食
盘肠气痛,气腹痛,0.8347844237838961,小儿腹痛
口吻疮,燕口疮,0.8775148841387331,燕口疮
臀红,臀部皮肤潮红,0.7978488458579406,小儿湮尻疮
赤游丹,小儿赤游丹,0.8045897308928797,小儿赤游丹
胎癣,奶癣,0.8362707446166621,奶癣
胎疮,孕痈,0.8817837908225133,奶癣
囟解,解颅,0.7841285813758695,解颅
外障病,外障类病,0.9680003191464974,外障类病
土疳,干疳,0.8823573580386218,针眼
偷针眼,针眼,0.860952063113479,针眼
胞睑痰核,胞生痰核,0.9282580406470569,胞生痰核
沙眼,眼瘤,0.8201292358110265,椒疮
风弦赤烂,迎风赤烂,0.7091983296499962,睑弦赤烂
风赤疮疾,风赤疮痍,0.9436573019319862,风赤疮痍
睥虚如球,胞虚如球,0.7406202322172079,胞虚如球
上睑下垂,眼睑下垂,0.9515359550197384,上胞下垂
睢目,目劄,0.7962844026844969,上胞下垂
睑废,胞睑病,0.7892750363252266,上胞下垂
睑皮垂缓,眼睑下垂,0.8725839526627391,上胞下垂
目睑垂缓,眼睑下垂,0.9184018142885484,上胞下垂
眼胞振跳,眼胞振跳,1.0,胞轮振跳
目瞤,目劄,1.0,胞轮振跳
目连劄,目劄,0.911987012047878,目劄
睑内结石,睑内结石,0.9999999999999998,粟子疾
拳毛倒睫,倒睫拳毛,0.9797149673034115,倒睫拳毛
拳毛倒入,虎杖根,0.6795467402530253,倒睫拳毛
风牵出睑,胞睑外翻,0.7440947055983514,胞睑外翻
皮翻粘睑,皮翻黏睑,0.9752153170955918,睥翻粘睑
胞肉粘轮,睥肉粘轮,0.8935045875828208,睥肉粘轮
眦病,目眦病,0.8467664293726571,目眦病
窍漏,漏下,0.7199199065396666,眦漏
漏睛,通睛,0.8246659664637978,眦漏
目脓漏,漏睛疮,0.7946079249663902,眦漏
暴赤生翳,天行赤眼暴翳,0.8265670809502925,天行赤眼暴翳
金疡,溃疡,0.888615640936254,金疳
赤带抱轮,赤带,0.8382425352870249,金疳
火疡,火赤疮,0.827430147601996,火疳
乌轮赤晕,惊振外障,0.6538079230032889,火疳
目痒病,目痒,0.9549581941127104,时复目痒
枣花障,广枣,0.7191894066460945,偃月侵睛
黄膜上冲,黄液上冲,0.7814540872947646,黄液上冲
蟹睛突起,目如蟹睛,0.8430644543714104,蟹睛病
蟹目,蟹足肿,0.7448360841618182,蟹睛病
蟹珠,蛤壳,0.774976228102657,蟹睛病
蟹睛翳,黑睛厚翳,0.8299511671491198,蟹睛病
黑珠翳,黑翳如珠,0.9308133235694088,蟹睛病
气翳,厚翳,0.8364186527750953,混睛障
轮上一颗如赤豆,风轮赤豆,0.8322716036839128,风轮赤豆
垂帘障,睑不能闭,0.7015375679494041,赤膜下垂
垂帘翳,玉翳遮睛,0.7586591416366756,赤膜下垂
睛黄视眇,睛黄视渺,0.9284292261522639,睛黄视渺
内障病,内障类病,0.9681425560285787,内障类病
如银内障,内障类病,0.8409850439705624,圆翳内障
蝇翅黑花,斑蝥,0.7012339561386668,云雾移睛
高风雀目,雀目,0.7879427981407038,高风内障
血灌瞳人,血灌瞳神,0.8930694037416069,血灌瞳神
消渴目病,消渴内障,0.8821928940034902,消渴内障
眯目飞扬,皱眉心,0.6887942654501858,异物入目
惊震内障,惊振内障,0.9625312386163973,惊振内障
真睛破损,真睛破损,1.0,物损真睛
疳疾上目,疳积上目,0.9450745462980406,疳积上目
疳眼,眼瘤,0.824608438118865,疳积上目
风牵偏视,偏头风,0.7544449415940594,目偏视
鸪眼凝睛,鹘眼凝睛,0.9953572186899778,鹘眼凝睛
鱼睛不夜,睡后露睛,0.7782348091230058,鹘眼凝睛
肝虚雀目,肝虚证,0.6641292705752684,雀目
视物易色,视物易色,1.0,视物异色
斗睛,通睛,0.785348437735985,通睛
视疲劳,目倦,0.888460877183862,目倦
视岐,视歧,0.8814004617755234,视歧
能近怯远,视远物不淸,0.6286418476327671,近视
能远怯近,视远物不淸,0.6453310528750847,远视
耳痈,耳疖,0.9643164197642173,耳疖
耳门痈,耳疖,0.9151610979852762,耳疖
耳壳流痰,耳壳流痰,1.0,耳廓痰包
聤耳,耵耳,1.0,脓耳
缠耳,耳闭,0.8333473100270589,脓耳
耳根痈,耳疖,0.9236114078542119,耳根毒
耵聍堵塞,体表有瘘管,0.7173556442045957,耵耳
鼻疮,鼻生疮,0.9517968535034396,鼻疳
鼻外伤,鼻损伤,0.9463313889947795,鼻损伤
异物入鼻,鼻异物,0.9467060421369833,鼻异物
鼻腔异物,鼻腔异物,1.0,鼻异物
喉喑,喉瘖,1.0,喉瘖
暴喑,暴瘖,0.9999999999999999,暴瘖
急喉喑,喉瘖,0.9299420904834592,暴瘖
久喑,久瘖,1.0,久瘖
慢喉喑,喉瘖,0.9424900826899525,久瘖
喉风,急喉风,0.9366814807354458,急喉风
锁喉风,急喉风,0.9033073431040318,急喉风
喉癣,咽喉生癣,0.9121244734465341,喉痨
骨鲠,髌骨脱位,0.8422691995570311,异物哽喉
尽牙痈,牙痈,0.9588370152468547,牙咬痈
合架风,四弯风,0.7374199034351666,牙咬痈
齿漏,牙漏,0.8874972123155879,牙漏
齿漏疳,牙疳,0.8927624239941555,牙漏
骨槽风,齿槽风,0.8152261745530683,齿槽风
穿腮毒,托腮痈,0.7705276076218026,齿槽风
口疮,燕口疮,0.9225668003946046,口疳
驴嘴风,四弯风,0.7131582647299846,唇风
唇癌,唇裂,0.8685983576884717,茧唇
舌下痰包,舌下痰包,0.9999999999999998,口舌痰包
莲花舌,莲花舌,1.0,重舌
连舌,重舌,0.9046810139898357,结舌
绊舌,绊舌,1.0,结舌
癥瘕,瘿痈,0.8512697749264404,积聚类病
积聚,积聚类病,0.7897280453105731,积聚类病
痃癖,萹蓄,0.7536935247525592,积聚类病
癥积,囊痈,0.7710259505490675,积病
瘕病,瘿类病,0.9331358122012164,聚病
伏梁积气,调胃承气汤,0.5710788388692244,伏梁
心积伏梁,伏梁,0.6601711627637349,伏梁
肝积,肝着,0.8349591762055685,肥气
脾积气,脾消,0.8866637874043177,痞气
脾积痞气,脾胀,0.8060054601862208,痞气
息贲,贲豚,0.835916690329822,肺积
贲豚,贲豚,1.0,奔豚
贲豚气,贲豚,0.8060327750005487,奔豚
肾积气,肾不纳气证,0.8601624884449675,奔豚
瘤病,瘤类病,0.9608774560797226,瘤类病
粉瘤,瘤类病,0.7890846927661398,脂瘤
眼科瘤病,眼科癌病,0.9432234876474663,眼瘤
鼻痔,鼻疔,0.8249780009628312,鼻息肉
耳挺,耳闭,0.8385889628188979,耳痔
肠息肉,肠瘤,0.8761965268568537,肠瘤
岩病,腮岩,0.7579234666732676,癌类病
恶性淋巴瘤,体表生肿瘤,0.8295331105289468,失荣
耳蕈,耳菌,0.8736731556471228,耳菌
鼻菌,鼻生疮,0.8061866626923757,鼻岩
鼻蕈,鼻槁,0.829690135124802,鼻岩
颃颡癌,瘿痈,0.8251694996488064,颃颡岩
控脑砂,颅脑类病,0.6061924619022876,颃颡岩
鼻咽癌,咽肿,0.8498874978288979,颃颡岩
咽菌,咽喉菌,0.9481152048550225,咽喉菌
喉菌,咽喉菌,0.9383792214468165,咽喉菌
喉岩,喉瘖,0.8572442649560289,咽喉菌
牙癌,牙痈,0.8846904340503308,牙岩
唇菌,舌菌,0.8025995388087301,唇岩
舌菌,舌菌,1.0,舌岩
舌疳,舌痈,0.8514273291647934,舌岩
舌癌,重舌,0.8860755299257863,舌岩
腮癌,托腮痈,0.8763344336025741,腮岩
甲状腺癌,甲房肿胀,0.7335451753850625,石瘿
乳岩,钟乳石,0.8410236095714351,乳癌
输尿管癌,尿道癌,0.9155568199810132,尿道癌
子癌,子宫内膜癌,0.8101578451339686,子岩
肾癌翻花,肾癌,0.8405799826383835,肾岩翻花
阴茎癌,阴茎溃烂,0.8826093819601988,肾岩翻花
昏迷,卒然昏倒,0.8390353040668201,神昏
牙衄,齿衄,0.951169260570039,齿衄
咳逆,咳嗽,0.9243544508626907,咳嗽
喘促,暴喘,0.9120625890501303,气喘
心动悸,心悸,0.9548067716115296,心悸
吐血,呕血,0.917099350826807,呕血
胃脘痛,胃痛,0.9299182677557903,胃痛
脘痛,脘痛拒按,0.9176587694822349,胃痛
吞酸,吐酸,0.9090648049945022,吐酸
泛酸,嗜酸,0.8692990207606557,吐酸
噫酸,嗜酸,0.8055564054499237,吐酸
腹满,腹大,0.9312511682111193,腹胀
肌衄,鼻衄,0.7032797314175694,紫斑
皮肤瘙痒,皮疹瘙痒,0.9639404972948457,瘙痒
